province,district,municipality,adm1_pcode,adm2_pcode,adm3_pcode,ward,total_households,population_total,population_male,population_female,average_household_size,sex_ratio,total_population_10_years_and_older,male_population_10_years_and_older,female_population_10_years_and_older,total_usually_economically_active_employed,male_usually_economically_active_employed,female_usually_economically_active_employed,total_usually_economically_active_unemployed,male_usually_economically_active_unemployed,female_usually_economically_active_unemployed,total_not_usually_economically_active,male_not_usually_economically_active,female_not_usually_economically_active,total_not_economically_active,male_not_economically_active,female_not_economically_active,total_economic_activity_not_stated,male_economic_activity_not_stated,female_economic_activity_not_stated,total_all_ages,total_00_04_yrs,total_05_09_yrs,total_10_14_yrs,total_15_19_yrs,total_20_24_yrs,total_25_29_yrs,total_30_34_yrs,total_35_39_yrs,total_40_44_yrs,total_45_49_yrs,total_50_54_yrs,total_55_59_yrs,total_60_64_yrs,total_65_69_yrs,total_70_74_yrs,total_75_79_yrs,total_80_84_yrs,total_85_89_yrs,total_90_94_yrs,total_95plus_yrs,male_all_ages,male_00_04_yrs,male_05_09_yrs,male_10_14_yrs,male_15_19_yrs,male_20_24_yrs,male_25_29_yrs,male_30_34_yrs,male_35_39_yrs,male_40_44_yrs,male_45_49_yrs,male_50_54_yrs,male_55_59_yrs,male_60_64_yrs,male_65_69_yrs,male_70_74_yrs,male_75_79_yrs,male_80_84_yrs,male_85_89_yrs,male_90_94_yrs,male_95plus_yrs,female_all_ages,female_00_04_yrs,female_05_09_yrs,female_10_14_yrs,female_15_19_yrs,female_20_24_yrs,female_25_29_yrs,female_30_34_yrs,female_35_39_yrs,female_40_44_yrs,female_45_49_yrs,female_50_54_yrs,female_55_59_yrs,female_60_64_yrs,female_65_69_yrs,female_70_74_yrs,female_75_79_yrs,female_80_84_yrs,female_85_89_yrs,female_90_94_yrs,female_95plus_yrs,total_children_5_17,male_children_5_17,female_children_5_17,currently_attending_school_male,currently_attending_school_female,oos_ever_attended_school_male,oos_ever_attended_school_female,oos_never_attended_school_male,oos_never_attended_school_female,currently_attending_school_total_pc,currently_attending_school_male_pc,currently_attending_school_female_pc,oos_ever_attended_school_total_pc,oos_ever_attended_school_male_pc,oos_ever_attended_school_female_pc,oos_never_attended_school_total_pc,oos_never_attended_school_male_pc,oos_never_attended_school_female_pc,population_15plus_total,population_15plus_male,population_15plus_female,literate_population_total,literate_population_male,literate_population_female,literacy_rate_total,literacy_rate_male,literacy_rate_female,population_0_14,population_15_64,population_65plus,child_dependency_ratio,elderly_dependency_ratio,total_dependency_ratio,population_5plus_total,population_5plus_male,population_5plus_female,education_level_illiterate_male,education_level_illiterate_female,education_level_early_childhood_male,education_level_early_childhood_female,education_level_basic_level_male,education_level_basic_level_female,education_level_secondary_male,education_level_secondary_female,education_level_higher_education_male,education_level_higher_education_female,education_level_other_male,education_level_other_female,education_level_illiterate_pc_total,education_level_illiterate_pc_male,education_level_illiterate_pc_female,education_level_early_childhood_pc_total,education_level_early_childhood_pc_male,education_level_early_childhood_pc_female,education_level_basic_level_pc_total,education_level_basic_level_pc_male,education_level_basic_level_pc_female,education_level_secondary_pc_total,education_level_secondary_pc_male,education_level_secondary_pc_female,education_level_higher_education_pc_total,education_level_higher_education_pc_male,education_level_higher_education_pc_female,education_level_other_pc_total,education_level_other_pc_male,education_level_other_pc_female,population_urban,population_peri_urban,population_rural,population_pc_urban,population_pc_peri_urban,population_pc_rural,population_20_24_total,population_20_24_male,population_20_24_female,population_married_before_18_total,population_married_before_18_male,population_married_before_18_female,child_marriage_rate_total,child_marriage_rate_male,child_marriage_rate_female,total_population,population_with_disabilities,population_without_disabilities,population_disability_not_reported,disability_prevlance_rate,population_density
Bagmati,Rasuwa,Gosaikunda,NP03,NP0329,NP0329402,1,283,826,420,406,2.918727915194346,103.44827586206897,679,349,330,444,225,219,10,8,2,108,54,54,117,62,55,0,0,0,826,89,58,32,54,77,61,57,46,63,54,56,40,36,31,41,20,6,4,1,0,420,40,31,21,19,44,31,30,26,25,31,26,23,14,20,21,13,1,3,1,0,406,49,27,11,35,33,30,27,20,38,23,30,17,22,11,20,7,5,1,0,0,113,61,52,35,36,3,2,23,14,62.83,57.38,69.23,4.42,4.92,3.85,32.74,37.7,26.92,647,328,319,251,142,109,38.79,43.29,34.17,179,544,103,32.9,18.93,51.84,737,380,357,208,224,9,7,102,59,58,59,1,5,2,3,58.62,54.74,62.75,2.17,2.37,1.96,21.85,26.84,16.53,15.88,15.26,16.53,0.81,0.26,1.4,0.68,0.53,0.84,0,0,826,0,0,100,77,44,33,9,1,8,11.69,2.27,24.24,826,31,795,0,3.75,12.7806800185162
Bagmati,Rasuwa,Gosaikunda,NP03,NP0329,NP0329402,2,163,550,293,257,3.374233128834356,114.00778210116731,481,256,225,331,189,142,16,8,8,40,21,19,94,38,56,0,0,0,550,45,24,13,29,51,65,64,41,56,35,37,31,27,9,6,5,6,2,3,1,293,24,13,5,14,27,33,34,27,27,24,18,16,16,3,2,2,4,2,2,0,257,21,11,8,15,24,32,30,14,29,11,19,15,11,6,4,3,2,0,1,1,56,29,27,20,21,7,4,2,2,73.21,68.97,77.78,19.64,24.14,14.81,7.14,6.9,7.41,468,251,217,321,195,126,68.59,77.69,58.06,82,436,32,18.81,7.34,26.15,505,269,236,57,92,5,2,86,55,74,56,30,16,17,15,29.5,21.19,38.98,1.39,1.86,0.85,27.92,31.97,23.31,25.74,27.51,23.73,9.11,11.15,6.78,6.34,6.32,6.36,0,0,550,0,0,100,51,27,24,5,2,3,9.8,7.41,12.5,550,8,542,0,1.45,3.51373852918496
Bagmati,Rasuwa,Gosaikunda,NP03,NP0329,NP0329402,3,169,508,253,255,3.0059171597633134,99.2156862745098,446,219,227,184,98,86,9,5,4,79,44,35,174,72,102,0,0,0,508,34,28,22,23,30,53,34,19,47,41,38,23,38,21,30,10,11,4,0,2,253,23,11,13,10,19,27,15,13,22,17,18,9,20,12,12,4,6,2,0,0,255,11,17,9,13,11,26,19,6,25,24,20,14,18,9,18,6,5,2,0,2,59,27,32,24,28,2,2,1,2,88.14,88.89,87.5,6.78,7.41,6.25,5.08,3.7,6.25,424,206,218,221,132,89,52.12,64.08,40.83,84,346,78,24.28,22.54,46.82,474,230,244,75,131,4,6,110,68,33,32,4,5,4,2,43.46,32.61,53.69,2.11,1.74,2.46,37.55,47.83,27.87,13.71,14.35,13.11,1.9,1.74,2.05,1.27,1.74,0.82,0,0,508,0,0,100,30,19,11,4,2,2,13.33,10.53,18.18,508,33,475,0,6.5,9.37285126692812
Bagmati,Rasuwa,Gosaikunda,NP03,NP0329,NP0329402,5,583,2472,1273,1199,4.240137221269297,106.17180984153461,2128,1115,1013,1034,592,442,253,118,135,222,93,129,619,312,307,0,0,0,2472,173,171,170,229,266,228,216,177,156,148,129,112,92,71,49,36,37,11,1,0,1273,82,76,96,115,151,122,113,96,79,69,60,66,47,34,25,19,16,6,1,0,1199,91,95,74,114,115,106,103,81,77,79,69,46,45,37,24,17,21,5,0,0,462,243,219,227,209,10,7,3,3,94.37,93.42,95.43,3.68,4.12,3.2,1.3,1.23,1.37,1958,1019,939,1335,793,542,68.18,77.82,57.72,514,1753,205,29.32,11.69,41.02,2299,1191,1108,229,400,34,34,437,282,408,290,50,61,33,41,27.36,19.23,36.1,2.96,2.85,3.07,31.27,36.69,25.45,30.36,34.26,26.17,4.83,4.2,5.51,3.22,2.77,3.7,0,0,2472,0,0,100,266,151,115,5,2,3,1.88,1.32,2.61,2472,60,2412,0,2.43,18.8742365411404
Bagmati,Rasuwa,Aamachhodingmo,NP03,NP0329,NP0329401,1,311,1491,755,736,4.794212218649518,102.58152173913044,1173,599,574,716,377,339,10,6,4,201,92,109,246,124,122,0,0,0,1491,149,169,151,177,141,128,91,98,80,68,52,46,46,34,32,22,4,1,1,1,755,72,84,78,90,74,62,37,53,45,34,26,23,29,16,16,11,4,0,1,0,736,77,85,73,87,67,66,54,45,35,34,26,23,17,18,16,11,0,1,0,1,435,225,210,217,203,8,7,0,0,96.55,96.44,96.67,3.45,3.56,3.33,0,0,0,1022,521,501,785,428,357,76.81,82.15,71.26,469,927,95,50.59,10.25,60.84,1342,683,659,93,144,19,22,380,353,171,126,5,1,15,13,17.66,13.62,21.85,3.06,2.78,3.34,54.62,55.64,53.57,22.13,25.04,19.12,0.45,0.73,0.15,2.09,2.2,1.97,0,0,1491,0,0,100,141,74,67,7,2,5,4.96,2.7,7.46,1491,7,1484,0,0.47,83.941293114776
Bagmati,Rasuwa,Uttargaya,NP03,NP0329,NP0329403,1,293,1205,598,607,4.112627986348123,98.5172981878089,935,474,461,405,256,149,30,22,8,274,106,168,226,90,136,0,0,0,1205,128,142,102,102,107,81,93,108,66,46,50,42,41,42,27,16,10,2,0,0,598,57,67,56,43,59,39,54,53,33,24,24,22,18,23,14,6,5,1,0,0,607,71,75,46,59,48,42,39,55,33,22,26,20,23,19,13,10,5,1,0,0,303,148,155,134,142,12,9,2,4,91.09,90.54,91.61,6.93,8.11,5.81,1.98,1.35,2.58,833,418,415,459,264,195,55.1,63.16,46.99,372,736,97,50.54,13.18,63.72,1077,541,536,154,223,25,19,251,216,95,67,1,1,15,10,35,28.47,41.6,4.09,4.62,3.54,43.36,46.4,40.3,15.04,17.56,12.5,0.19,0.18,0.19,2.32,2.77,1.87,0,0,1205,0,0,100,107,59,48,20,4,16,18.69,6.78,33.33,1205,18,1187,0,1.49,15.1241196334682
Bagmati,Rasuwa,Uttargaya,NP03,NP0329,NP0329403,2,315,1277,611,666,4.053968253968254,91.74174174174175,1062,519,543,337,207,130,44,43,1,242,120,122,439,149,290,0,0,0,1277,111,104,120,110,128,130,106,72,62,43,81,40,47,44,36,20,11,10,1,1,611,49,43,49,52,67,73,49,39,25,18,42,18,30,23,17,8,7,1,0,1,666,62,61,71,58,61,57,57,33,37,25,39,22,17,21,19,12,4,9,1,0,283,116,167,112,163,3,4,1,0,97.17,96.55,97.6,2.47,2.59,2.4,0.35,0.86,0,942,470,472,700,387,313,74.31,82.34,66.31,335,819,123,40.9,15.02,55.92,1166,562,604,84,159,14,19,221,192,206,197,26,24,11,13,20.84,14.95,26.32,2.83,2.49,3.15,35.42,39.32,31.79,34.56,36.65,32.62,4.29,4.63,3.97,2.06,1.96,2.15,0,0,1277,0,0,100,128,67,61,15,1,14,11.72,1.49,22.95,1277,53,1224,0,4.15,84.9353320871717
Bagmati,Rasuwa,Uttargaya,NP03,NP0329,NP0329403,3,296,1113,568,545,3.760135135135135,104.22018348623854,957,485,472,303,163,140,59,39,20,467,215,252,128,68,60,0,0,0,1113,72,84,103,103,97,104,83,83,63,49,64,40,48,36,27,36,14,5,1,1,568,38,45,48,56,51,40,40,43,33,25,29,25,27,19,16,21,6,4,1,1,545,34,39,55,47,46,64,43,40,30,24,35,15,21,17,11,15,8,1,0,0,253,126,127,115,122,8,4,3,1,93.68,91.27,96.06,4.74,6.35,3.15,1.58,2.38,0.79,854,437,417,557,306,251,65.22,70.02,60.19,259,734,120,35.29,16.35,51.63,1041,530,511,134,167,17,14,192,160,172,154,8,8,7,8,28.91,25.28,32.68,2.98,3.21,2.74,33.81,36.23,31.31,31.32,32.45,30.14,1.54,1.51,1.57,1.44,1.32,1.57,0,0,1113,0,0,100,97,51,46,9,1,8,9.28,1.96,17.39,1113,31,1082,0,2.79,92.2053506773282
Bagmati,Rasuwa,Uttargaya,NP03,NP0329,NP0329403,4,527,2048,1019,1029,3.886148007590133,99.02818270165209,1718,850,868,734,428,306,33,26,7,580,229,351,371,167,204,0,0,0,2048,175,155,152,168,211,197,153,137,112,107,97,107,98,76,36,35,22,6,3,1,1019,86,83,82,83,108,93,76,70,52,52,51,57,47,34,18,15,7,3,2,0,1029,89,72,70,85,103,104,77,67,60,55,46,50,51,42,18,20,15,3,1,1,408,215,193,207,185,8,7,0,1,96.08,96.28,95.85,3.68,3.72,3.63,0.25,0,0.52,1566,768,798,1019,563,456,65.07,73.31,57.14,482,1387,179,34.75,12.91,47.66,1873,933,940,206,342,27,22,368,258,293,253,28,41,11,24,29.26,22.08,36.38,2.62,2.89,2.34,33.42,39.44,27.45,29.15,31.4,26.91,3.68,3,4.36,1.87,1.18,2.55,0,0,2048,0,0,100,211,108,103,23,6,17,10.9,5.56,16.5,2048,60,1988,0,2.93,279.845494678836
Bagmati,Rasuwa,Uttargaya,NP03,NP0329,NP0329403,5,757,2912,1439,1473,3.846763540290621,97.69178547182621,2448,1193,1255,1010,631,379,57,35,22,460,155,305,921,372,549,0,0,0,2912,211,253,231,267,266,226,273,216,173,162,161,124,102,94,57,51,27,16,2,0,1439,113,133,119,129,123,108,142,102,72,87,75,64,57,42,26,22,16,9,0,0,1473,98,120,112,138,143,118,131,114,101,75,86,60,45,52,31,29,11,7,2,0,635,328,307,309,294,9,11,10,2,94.96,94.21,95.77,3.15,2.74,3.58,1.89,3.05,0.65,2217,1074,1143,1476,804,672,66.58,74.86,58.79,695,1970,247,35.28,12.54,47.82,2701,1326,1375,277,472,51,49,459,378,407,358,109,72,23,46,27.73,20.89,34.33,3.7,3.85,3.56,30.99,34.62,27.49,28.32,30.69,26.04,6.7,8.22,5.24,2.55,1.73,3.35,2912,0,0,100,0,0,266,123,143,27,3,24,10.15,2.44,16.78,2912,92,2820,0,3.16,669.112265871024
Bagmati,Rasuwa,Kalika,NP03,NP0329,NP0329404,1,614,2579,1294,1285,4.200325732899023,100.70038910505836,2084,1041,1043,1028,510,518,201,147,54,346,146,200,509,238,271,0,0,0,2579,228,267,296,274,227,158,225,197,164,119,91,63,80,70,74,19,14,10,2,1,1294,115,138,150,132,116,75,100,103,84,61,43,38,44,28,44,12,5,5,1,0,1285,113,129,146,142,111,83,125,94,80,58,48,25,36,42,30,7,9,5,1,1,724,364,360,327,324,31,31,6,5,89.92,89.84,90,8.56,8.52,8.61,1.52,1.65,1.39,1788,891,897,866,474,392,48.43,53.2,43.7,791,1598,190,49.5,11.89,61.39,2351,1179,1172,421,510,39,28,530,451,134,152,12,7,43,24,39.6,35.71,43.52,2.85,3.31,2.39,41.73,44.95,38.48,12.17,11.37,12.97,0.81,1.02,0.6,2.85,3.65,2.05,0,0,2579,0,0,100,227,116,111,33,8,25,14.54,6.9,22.52,2579,53,2526,0,2.06,101.361338985253
Bagmati,Rasuwa,Kalika,NP03,NP0329,NP0329404,2,682,2899,1418,1481,4.250733137829912,95.74611748818366,2415,1173,1242,1380,734,646,149,74,75,227,91,136,659,274,385,0,0,0,2899,245,239,223,271,262,294,242,219,180,144,154,104,105,90,53,31,20,15,7,1,1418,121,124,103,126,129,138,121,114,87,68,72,54,53,43,27,16,10,9,2,1,1481,124,115,120,145,133,156,121,105,93,76,82,50,52,47,26,15,10,6,5,0,614,302,312,283,302,17,7,2,3,95.28,93.71,96.79,3.91,5.63,2.24,0.81,0.66,0.96,2192,1070,1122,1568,843,725,71.53,78.79,64.62,707,1975,217,35.8,10.99,46.78,2654,1297,1357,228,400,38,40,537,433,386,391,96,80,12,13,23.66,17.58,29.48,2.94,2.93,2.95,36.55,41.4,31.91,29.28,29.76,28.81,6.63,7.4,5.9,0.94,0.93,0.96,2899,0,0,100,0,0,262,129,133,10,1,9,3.82,0.78,6.77,2899,89,2810,0,3.07,505.973506815283
Bagmati,Rasuwa,Kalika,NP03,NP0329,NP0329404,3,428,1665,826,839,3.8901869158878504,98.45053635280095,1448,711,737,753,429,324,159,80,79,222,67,155,311,135,176,3,0,3,1665,116,101,127,131,172,152,141,115,101,84,81,69,74,74,52,37,21,11,4,2,826,62,53,57,68,77,77,69,59,46,40,35,30,39,46,28,18,13,6,2,1,839,54,48,70,63,95,75,72,56,55,44,46,39,35,28,24,19,8,5,2,1,308,154,154,151,152,2,2,1,0,98.38,98.05,98.7,1.3,1.3,1.3,0.32,0.65,0,1321,654,667,1032,555,477,78.12,84.86,71.51,344,1120,201,30.71,17.95,48.66,1549,764,785,98,190,14,14,266,208,301,303,42,34,43,36,18.59,12.83,24.2,1.81,1.83,1.78,30.6,34.82,26.5,38.99,39.4,38.6,4.91,5.5,4.33,5.1,5.63,4.59,1665,0,0,100,0,0,172,77,95,11,0,11,6.4,0,11.58,1665,95,1570,0,5.71,383.812649635067
Bagmati,Rasuwa,Kalika,NP03,NP0329,NP0329404,4,249,1032,508,524,4.144578313253012,96.94656488549617,892,435,457,584,288,296,3,2,1,69,30,39,236,115,121,0,0,0,1032,54,86,90,78,83,80,97,75,52,41,62,53,63,50,22,21,11,9,4,1,508,29,44,45,36,42,32,50,41,27,15,27,28,33,27,10,9,6,5,2,0,524,25,42,45,42,41,48,47,34,25,26,35,25,30,23,12,12,5,4,2,1,224,111,113,104,105,4,6,3,2,93.3,93.69,92.92,4.46,3.6,5.31,2.23,2.7,1.77,802,390,412,485,275,210,60.47,70.51,50.97,230,684,118,33.63,17.25,50.88,978,479,499,117,204,13,9,168,142,146,118,26,22,9,4,32.82,24.43,40.88,2.25,2.71,1.8,31.7,35.07,28.46,26.99,30.48,23.65,4.91,5.43,4.41,1.33,1.88,0.8,1032,0,0,100,0,0,83,42,41,9,3,6,10.84,7.14,14.63,1032,22,1010,0,2.13,248.774268448167
Bagmati,Rasuwa,Kalika,NP03,NP0329,NP0329404,5,474,1940,975,965,4.0928270042194095,101.03626943005182,1671,825,846,551,276,275,19,8,11,835,410,425,265,131,134,1,0,1,1940,131,138,166,176,182,167,153,145,129,116,98,71,76,79,55,32,13,8,4,1,975,72,78,97,88,78,81,70,69,68,56,45,35,42,40,29,15,6,4,2,0,965,59,60,69,88,104,86,83,76,61,60,53,36,34,39,26,17,7,4,2,1,396,225,171,219,166,5,5,1,0,97.22,97.33,97.08,2.53,2.22,2.92,0.25,0.44,0,1505,728,777,1046,565,481,69.5,77.61,61.9,435,1313,192,33.13,14.62,47.75,1809,903,906,164,295,31,17,305,249,283,249,96,73,24,23,25.37,18.16,32.56,2.65,3.43,1.88,30.62,33.78,27.48,29.41,31.34,27.48,9.34,10.63,8.06,2.6,2.66,2.54,1940,0,0,100,0,0,182,78,104,7,0,7,3.85,0,6.73,1940,91,1849,0,4.69,682.530457042096
Bagmati,Dhading,Siddhalek,NP03,NP0330,NP0330407,3,682,2605,1274,1331,3.8196480938416424,95.71750563486101,2223,1085,1138,1312,710,602,5,4,1,349,142,207,557,229,328,0,0,0,2605,179,203,246,234,229,195,186,159,161,116,151,133,102,105,69,68,34,25,7,3,1274,91,98,116,124,106,101,86,74,80,52,76,54,61,55,35,34,15,11,3,2,1331,88,105,130,110,123,94,100,85,81,64,75,79,41,50,34,34,19,14,4,1,579,284,295,265,279,17,11,2,5,93.96,93.31,94.58,4.84,5.99,3.73,1.21,0.7,1.69,1977,969,1008,1296,695,601,65.55,71.72,59.62,628,1666,311,37.7,18.67,56.36,2426,1183,1243,274,412,38,19,482,446,286,255,25,15,78,96,28.28,23.16,33.15,2.35,3.21,1.53,38.25,40.74,35.88,22.3,24.18,20.51,1.65,2.11,1.21,7.17,6.59,7.72,0,0,2605,0,0,100,229,106,123,30,5,25,13.1,4.72,20.33,2605,53,2552,0,2.03,152.114381138844
Bagmati,Dhading,Siddhalek,NP03,NP0330,NP0330407,4,680,2663,1272,1391,3.916176470588235,91.4450035945363,2276,1077,1199,1311,682,629,36,16,20,336,117,219,593,262,331,0,0,0,2663,172,215,244,222,214,202,195,209,179,140,158,109,127,78,76,67,33,12,8,3,1272,84,111,117,99,93,98,89,102,87,60,76,47,67,41,34,33,21,6,5,2,1391,88,104,127,123,121,104,106,107,92,80,82,62,60,37,42,34,12,6,3,1,603,296,307,273,299,20,6,3,2,94.86,92.23,97.39,4.31,6.76,1.95,0.83,1.01,0.65,2032,960,1072,1462,773,689,71.95,80.52,64.27,631,1755,277,35.95,15.78,51.74,2491,1188,1303,187,383,34,28,547,484,343,310,51,50,26,48,22.88,15.74,29.39,2.49,2.86,2.15,41.39,46.04,37.15,26.21,28.87,23.79,4.05,4.29,3.84,2.97,2.19,3.68,0,0,2663,0,0,100,214,93,121,22,2,20,10.28,2.15,16.53,2663,82,2581,0,3.08,151.760011516208
Bagmati,Dhading,Siddhalek,NP03,NP0330,NP0330407,6,735,2985,1487,1498,4.061224489795919,99.26568758344459,2525,1240,1285,1662,862,800,17,8,9,181,78,103,663,291,372,2,1,1,2985,200,260,246,312,294,236,177,212,168,162,163,119,121,116,83,61,33,14,5,3,1487,97,150,129,156,132,116,88,98,78,77,78,62,58,63,48,31,15,7,4,0,1498,103,110,117,156,162,120,89,114,90,85,85,57,63,53,35,30,18,7,1,3,685,364,321,331,287,26,25,7,9,90.22,90.93,89.41,7.45,7.14,7.79,2.34,1.92,2.8,2279,1111,1168,1496,815,681,65.64,73.36,58.3,706,1964,315,35.95,16.04,51.99,2785,1390,1395,301,494,51,30,642,416,336,346,25,38,35,71,28.55,21.65,35.41,2.91,3.67,2.15,37.99,46.19,29.82,24.49,24.17,24.8,2.26,1.8,2.72,3.81,2.52,5.09,0,0,2985,0,0,100,294,132,162,46,9,37,15.65,6.82,22.84,2985,66,2918,1,2.21,158.913388051002
Bagmati,Dhading,Siddhalek,NP03,NP0330,NP0330407,7,990,4109,2013,2096,4.150505050505051,96.04007633587787,3476,1691,1785,2134,1103,1031,75,45,30,428,168,260,831,372,459,8,3,5,4109,287,346,358,405,446,378,292,257,216,200,237,164,174,109,98,82,33,13,10,4,2013,153,169,197,193,216,174,143,123,106,83,115,92,87,51,46,39,15,4,5,2,2096,134,177,161,212,230,204,149,134,110,117,122,72,87,58,52,43,18,9,5,2,937,484,453,460,433,22,17,2,3,95.3,95.04,95.58,4.16,4.55,3.75,0.53,0.41,0.66,3118,1494,1624,2265,1210,1055,72.64,80.99,64.96,991,2769,349,35.79,12.6,48.39,3822,1860,1962,295,577,57,52,788,644,582,511,67,72,71,106,22.82,15.86,29.41,2.85,3.06,2.65,37.47,42.37,32.82,28.6,31.29,26.04,3.64,3.6,3.67,4.63,3.82,5.4,0,0,4109,0,0,100,446,216,230,58,10,48,13,4.63,20.87,4109,81,4028,0,1.97,268.537887990357
Bagmati,Dhading,Benighat Rorang,NP03,NP0330,NP0330408,3,1189,4693,2457,2236,3.947014297729184,109.88372093023256,3855,1996,1859,2234,1293,941,91,47,44,460,200,260,1070,456,614,0,0,0,4693,369,469,487,493,460,473,387,360,300,205,169,134,121,97,82,49,25,8,5,0,2457,199,262,240,272,242,237,182,188,167,103,89,74,67,49,38,27,12,5,4,0,2236,170,207,247,221,218,236,205,172,133,102,80,60,54,48,44,22,13,3,1,0,1251,666,585,589,528,61,39,16,18,89.29,88.44,90.26,7.99,9.16,6.67,2.72,2.4,3.08,3368,1756,1612,2474,1362,1112,73.46,77.56,68.98,1325,3102,266,42.71,8.58,51.29,4324,2258,2066,436,546,90,74,991,776,576,528,129,92,36,50,22.71,19.31,26.43,3.79,3.99,3.58,40.86,43.89,37.56,25.53,25.51,25.56,5.11,5.71,4.45,1.99,1.59,2.42,0,0,4693,0,0,100,460,242,218,80,18,62,17.39,7.44,28.44,4693,106,4587,0,2.26,431.074471260937
Bagmati,Dhading,Benighat Rorang,NP03,NP0330,NP0330408,5,766,3155,1576,1579,4.118798955613577,99.81000633312223,2682,1319,1363,1586,862,724,44,22,22,216,82,134,836,353,483,0,0,0,3155,226,247,270,289,319,284,261,216,206,197,140,132,110,102,60,57,21,12,6,0,1576,125,132,143,132,153,137,129,96,101,107,62,73,50,53,29,37,10,4,3,0,1579,101,115,127,157,166,147,132,120,105,90,78,59,60,49,31,20,11,8,3,0,682,345,337,324,312,19,22,2,3,93.26,93.91,92.58,6.01,5.51,6.53,0.73,0.58,0.89,2412,1176,1236,1836,983,853,76.12,83.59,69.01,743,2154,258,34.49,11.98,46.47,2929,1451,1478,193,385,54,36,593,502,497,422,85,94,29,39,19.73,13.3,26.05,3.07,3.72,2.44,37.38,40.87,33.96,31.38,34.25,28.55,6.11,5.86,6.36,2.32,2,2.64,0,0,3155,0,0,100,319,153,166,38,6,32,11.91,3.92,19.28,3155,28,3127,0,0.89,281.387204133172
Bagmati,Dhading,Benighat Rorang,NP03,NP0330,NP0330408,7,719,2979,1507,1472,4.143254520166899,102.37771739130434,2464,1234,1230,1118,641,477,20,15,5,812,351,461,514,227,287,0,0,0,2979,247,268,277,337,277,289,217,210,176,166,143,104,84,62,53,36,14,12,4,3,1507,131,142,143,175,120,155,103,86,94,80,70,60,43,34,28,23,7,8,3,2,1472,116,126,134,162,157,134,114,124,82,86,73,44,41,28,25,13,7,4,1,1,743,395,348,349,324,36,20,10,4,90.58,88.35,93.1,7.54,9.11,5.75,1.88,2.53,1.15,2187,1091,1096,1785,935,850,81.62,85.7,77.55,792,2003,184,39.54,9.19,48.73,2732,1376,1356,164,250,57,49,720,594,361,357,37,41,37,65,15.15,11.92,18.44,3.88,4.14,3.61,48.1,52.33,43.81,26.28,26.24,26.33,2.86,2.69,3.02,3.73,2.69,4.79,0,0,2979,0,0,100,277,120,157,70,16,54,25.27,13.33,34.39,2979,54,2925,0,1.81,313.044366446646
Bagmati,Dhading,Benighat Rorang,NP03,NP0330,NP0330408,9,785,3567,1771,1796,4.543949044585987,98.60801781737194,2832,1415,1417,1477,840,637,33,20,13,517,206,311,805,349,456,0,0,0,3567,357,378,386,362,353,325,257,211,163,152,157,116,104,86,74,43,27,10,3,3,1771,172,184,198,179,172,154,131,99,88,70,80,64,56,48,35,19,12,6,1,3,1796,185,194,188,183,181,171,126,112,75,82,77,52,48,38,39,24,15,4,2,0,986,491,495,434,442,47,46,10,7,88.84,88.39,89.29,9.43,9.57,9.29,1.72,2.04,1.41,2446,1217,1229,1619,892,727,66.19,73.29,59.15,1121,2200,246,50.95,11.18,62.14,3210,1599,1611,331,504,69,68,836,682,302,314,41,28,20,15,26.01,20.7,31.28,4.27,4.32,4.22,47.29,52.28,42.33,19.19,18.89,19.49,2.15,2.56,1.74,1.09,1.25,0.93,0,0,3567,0,0,100,353,172,181,86,21,65,24.36,12.21,35.91,3567,93,3474,0,2.61,187.290351764045
Bagmati,Dhading,Benighat Rorang,NP03,NP0330,NP0330408,10,1019,4843,2442,2401,4.75269872423945,101.7076218242399,3922,1994,1928,2420,1323,1097,26,21,5,448,178,270,1024,472,552,4,0,4,4843,466,455,512,545,541,411,329,252,252,166,231,169,134,130,106,74,35,25,7,3,2442,226,222,261,273,266,227,164,124,116,79,113,99,69,65,57,42,20,13,4,2,2401,240,233,251,272,275,184,165,128,136,87,118,70,65,65,49,32,15,12,3,1,1295,646,649,573,589,67,55,5,5,89.73,88.7,90.76,9.42,10.37,8.47,0.77,0.77,0.77,3410,1733,1677,2283,1293,990,66.95,74.61,59.03,1433,3030,380,47.29,12.54,59.83,4377,2216,2161,445,688,68,59,1242,994,421,376,20,30,20,14,25.89,20.08,31.84,2.9,3.07,2.73,51.09,56.05,46,18.21,19,17.4,1.14,0.9,1.39,0.78,0.9,0.65,0,0,4843,0,0,100,541,266,275,123,31,92,22.74,11.65,33.45,4843,126,4717,0,2.6,171.911633941455
Bagmati,Dhading,Gajuri,NP03,NP0330,NP0330409,1,1427,5323,2641,2682,3.7302032235459004,98.47129008202835,4344,2148,2196,2095,1303,792,120,58,62,742,228,514,1373,549,824,14,10,4,5323,462,517,452,556,504,592,431,396,317,246,237,169,127,111,86,50,30,21,14,5,2641,242,251,234,274,230,284,213,196,162,127,118,93,69,51,39,22,15,10,9,2,2682,220,266,218,282,274,308,218,200,155,119,119,76,58,60,47,28,15,11,5,3,1294,643,651,582,617,49,27,11,7,92.66,90.51,94.78,5.87,7.62,4.15,1.39,1.71,1.08,3892,1914,1978,2904,1562,1342,74.61,81.61,67.85,1431,3575,317,40.03,8.87,48.9,4861,2399,2462,358,640,92,93,955,790,797,788,175,129,22,22,20.53,14.92,26,3.81,3.83,3.78,35.9,39.81,32.09,32.61,33.22,32.01,6.25,7.29,5.24,0.91,0.92,0.89,5323,0,0,100,0,0,504,230,274,95,18,77,18.85,7.83,28.1,5323,225,5094,4,4.23,552.337019592348
Bagmati,Dhading,Gajuri,NP03,NP0330,NP0330409,2,1034,4219,2140,2079,4.0802707930367506,102.93410293410294,3547,1800,1747,1916,1146,770,68,34,34,480,166,314,1083,454,629,0,0,0,4219,339,333,415,479,404,373,284,293,271,206,206,153,144,125,66,61,31,27,6,3,2140,170,170,204,259,209,183,152,136,127,105,109,71,78,61,35,35,18,15,1,2,2079,169,163,211,220,195,190,132,157,144,101,97,82,66,64,31,26,13,12,5,1,1033,530,503,475,468,50,32,5,3,91.29,89.62,93.04,7.94,9.43,6.36,0.77,0.94,0.6,3132,1596,1536,2213,1240,973,70.66,77.69,63.35,1087,2813,319,38.64,11.34,49.98,3880,1970,1910,361,566,59,48,905,756,545,449,58,41,42,50,23.89,18.32,29.63,2.76,2.99,2.51,42.81,45.94,39.58,25.62,27.66,23.51,2.55,2.94,2.15,2.37,2.13,2.62,0,0,4219,0,0,100,404,209,195,49,5,44,12.13,2.39,22.56,4219,96,4123,0,2.28,264.720339494581
Bagmati,Dhading,Gajuri,NP03,NP0330,NP0330409,5,955,3897,1935,1962,4.0806282722513085,98.62385321100918,3299,1616,1683,1832,998,834,44,20,24,582,232,350,821,361,460,20,5,15,3897,273,325,391,461,372,294,265,262,262,205,226,134,131,113,84,50,21,20,6,2,1935,142,177,206,223,186,137,117,122,117,101,117,69,69,55,45,23,11,12,5,1,1962,131,148,185,238,186,157,148,140,145,104,109,65,62,58,39,27,10,8,1,1,987,517,470,459,444,44,20,14,6,91.49,88.78,94.47,6.48,8.51,4.26,2.03,2.71,1.28,2908,1410,1498,2091,1112,979,71.91,78.87,65.35,989,2612,296,37.86,11.33,49.2,3624,1793,1831,313,523,49,46,851,645,452,442,37,34,91,141,23.07,17.46,28.56,2.62,2.73,2.51,41.28,47.46,35.23,24.67,25.21,24.14,1.96,2.06,1.86,6.4,5.08,7.7,0,0,3897,0,0,100,372,186,186,51,10,41,13.71,5.38,22.04,3897,89,3808,0,2.28,220.731683900674
Bagmati,Dhading,Gajuri,NP03,NP0330,NP0330409,6,1127,4786,2389,2397,4.246672582076309,99.66624947851481,3964,1989,1975,1889,1064,825,59,36,23,779,320,459,1235,567,668,2,2,0,4786,396,426,485,518,434,440,325,331,292,220,189,184,150,128,112,73,48,24,9,2,2389,191,209,261,261,201,235,154,156,145,112,89,90,78,68,52,43,26,12,5,1,2397,205,217,224,257,233,205,171,175,147,108,100,94,72,60,60,30,22,12,4,1,1227,623,604,541,538,65,52,16,11,87.94,86.84,89.07,9.54,10.43,8.61,2.2,2.57,1.82,3479,1728,1751,2272,1242,1030,65.31,71.88,58.82,1307,3083,396,42.39,12.84,55.24,4390,2198,2192,499,729,66,59,1021,771,497,504,63,60,52,69,27.97,22.7,33.26,2.85,3,2.69,40.82,46.45,35.17,22.8,22.61,22.99,2.8,2.87,2.74,2.76,2.37,3.15,0,0,4786,0,0,100,434,201,233,70,16,54,16.13,7.96,23.18,4786,80,4706,0,1.67,340.697020830213
Bagmati,Dhading,Galchhi,NP03,NP0330,NP0330410,1,879,3564,1692,1872,4.054607508532423,90.38461538461539,2949,1369,1580,1053,570,483,136,102,34,804,307,497,951,387,564,5,3,2,3564,297,318,314,339,291,342,259,235,198,161,184,149,159,109,80,72,25,20,6,6,1692,162,161,140,150,115,161,134,103,93,68,94,66,76,66,38,34,14,11,2,4,1872,135,157,174,189,176,181,125,132,105,93,90,83,83,43,42,38,11,9,4,2,830,385,445,359,420,19,19,7,6,93.86,93.25,94.38,4.58,4.94,4.27,1.57,1.82,1.35,2635,1229,1406,1761,912,849,66.83,74.21,60.38,929,2317,318,40.09,13.72,53.82,3267,1530,1737,324,563,36,45,652,591,412,398,65,78,41,62,27.15,21.18,32.41,2.48,2.35,2.59,38.05,42.61,34.02,24.79,26.93,22.91,4.38,4.25,4.49,3.15,2.68,3.57,0,0,3564,0,0,100,291,115,176,47,8,39,16.15,6.96,22.16,3564,72,3492,0,2.02,252.307420025663
Bagmati,Dhading,Galchhi,NP03,NP0330,NP0330410,2,782,2990,1429,1561,3.823529411764706,91.54388212684177,2568,1230,1338,1629,798,831,72,43,29,205,88,117,661,300,361,1,1,0,2990,190,232,278,316,234,192,164,206,202,150,204,153,149,93,95,67,31,21,8,5,1429,83,116,140,143,98,100,83,91,90,74,96,63,79,61,46,27,21,13,5,0,1561,107,116,138,173,136,92,81,115,112,76,108,90,70,32,49,40,10,8,3,5,718,345,373,315,352,22,14,8,7,92.9,91.3,94.37,5.01,6.38,3.75,2.09,2.32,1.88,2290,1090,1200,1360,722,638,59.39,66.24,53.17,700,1970,320,35.53,16.24,51.78,2800,1346,1454,372,569,37,39,555,450,302,318,31,21,49,57,33.61,27.64,39.13,2.71,2.75,2.68,35.89,41.23,30.95,22.14,22.44,21.87,1.86,2.3,1.44,3.79,3.64,3.92,0,0,2990,0,0,100,234,98,136,40,6,34,17.09,6.12,25,2990,66,2924,0,2.21,201.379618766156
Bagmati,Dhading,Galchhi,NP03,NP0330,NP0330410,4,824,3431,1729,1702,4.163834951456311,101.58636897767333,2881,1448,1433,1663,922,741,82,44,38,399,149,250,737,333,404,0,0,0,3431,268,282,335,364,332,297,233,228,231,158,169,128,133,98,73,50,30,11,9,2,1729,143,138,167,181,174,150,109,118,108,69,89,71,69,51,37,25,14,9,6,1,1702,125,144,168,183,158,147,124,110,123,89,80,57,64,47,36,25,16,2,3,1,844,414,430,380,401,30,23,4,6,92.54,91.79,93.26,6.28,7.25,5.35,1.18,0.97,1.4,2546,1281,1265,1787,997,790,70.19,77.83,62.45,885,2273,273,38.94,12.01,50.95,3163,1586,1577,290,480,49,40,701,548,418,394,72,48,56,67,24.34,18.28,30.44,2.81,3.09,2.54,39.49,44.2,34.75,25.67,26.36,24.98,3.79,4.54,3.04,3.89,3.53,4.25,0,0,3431,0,0,100,332,174,158,56,14,42,16.87,8.05,26.58,3431,103,3328,0,3,200.168092190971
Bagmati,Dhading,Galchhi,NP03,NP0330,NP0330410,6,725,2839,1436,1403,3.915862068965517,102.35210263720597,2385,1204,1181,1033,627,406,33,29,4,404,208,196,914,339,575,1,1,0,2839,223,231,232,238,318,286,249,179,168,139,178,117,115,57,45,30,14,7,7,6,1436,115,117,121,127,141,153,126,90,86,61,91,60,62,34,22,17,5,2,4,2,1403,108,114,111,111,177,133,123,89,82,78,87,57,53,23,23,13,9,5,3,4,598,312,286,288,275,21,6,3,5,94.15,92.31,96.15,4.52,6.73,2.1,1.34,0.96,1.75,2153,1083,1070,1597,875,722,74.18,80.79,67.48,686,1987,166,34.52,8.35,42.88,2616,1321,1295,210,353,59,48,523,405,435,391,51,45,43,53,21.52,15.9,27.26,4.09,4.47,3.71,35.47,39.59,31.27,31.57,32.93,30.19,3.67,3.86,3.47,3.67,3.26,4.09,2839,0,0,100,0,0,318,141,177,45,8,37,14.15,5.67,20.9,2839,34,2805,0,1.2,376.140179058094
Bagmati,Dhading,Galchhi,NP03,NP0330,NP0330410,8,809,3133,1532,1601,3.8726823238566133,95.69019362898189,2663,1290,1373,1547,790,757,34,19,15,440,229,211,639,252,387,3,0,3,3133,202,268,302,305,271,284,242,208,194,185,173,153,107,88,66,47,12,15,8,3,1532,108,134,162,137,130,131,114,104,99,73,80,86,63,45,31,22,7,2,4,0,1601,94,134,140,168,141,153,128,104,95,112,93,67,44,43,35,25,5,13,4,3,759,379,380,330,352,39,15,10,13,89.86,87.07,92.63,7.11,10.29,3.95,3.03,2.64,3.42,2361,1128,1233,1750,887,863,74.12,78.63,69.99,772,2122,239,36.38,11.26,47.64,2931,1424,1507,248,381,94,110,691,545,228,282,26,24,137,165,21.46,17.42,25.28,6.96,6.6,7.3,42.17,48.53,36.16,17.4,16.01,18.71,1.71,1.83,1.59,10.3,9.62,10.95,0,0,3133,0,0,100,271,130,141,33,4,29,12.18,3.08,20.57,3133,98,3035,0,3.13,134.880311052165
Bagmati,Nuwakot,Bidur,NP03,NP0328,NP0328301,1,670,2885,1387,1498,4.3059701492537314,92.59012016021362,2405,1129,1276,917,595,322,104,44,60,371,124,247,1013,366,647,0,0,0,2885,200,280,254,281,210,234,277,253,195,150,107,100,115,85,68,31,22,16,3,4,1387,102,156,130,134,105,87,120,122,95,75,51,45,52,42,30,18,12,8,3,0,1498,98,124,124,147,105,147,157,131,100,75,56,55,63,43,38,13,10,8,0,4,692,363,329,348,311,10,13,5,5,95.23,95.87,94.53,3.32,2.75,3.95,1.45,1.38,1.52,2151,999,1152,1634,841,793,75.96,84.18,68.84,734,1922,229,38.19,11.91,50.1,2685,1285,1400,163,362,65,44,453,424,497,454,85,98,22,18,19.55,12.68,25.86,4.06,5.06,3.14,32.66,35.25,30.29,35.42,38.68,32.43,6.82,6.61,7,1.49,1.71,1.29,0,2885,0,0,100,0,210,105,105,16,3,13,7.62,2.86,12.38,2885,44,2841,0,1.53,615.561873569779
Bagmati,Nuwakot,Bidur,NP03,NP0328,NP0328301,3,1272,4815,2265,2550,3.785377358490566,88.8235294117647,4090,1886,2204,1846,997,849,164,96,68,825,312,513,1250,479,771,5,2,3,4815,328,397,410,386,379,406,341,290,294,284,279,259,235,164,149,112,50,33,15,4,2265,183,196,197,193,149,183,156,140,126,121,127,123,124,75,68,52,23,20,8,1,2550,145,201,213,193,230,223,185,150,168,163,152,136,111,89,81,60,27,13,7,3,1042,522,520,481,496,32,18,9,6,93.76,92.15,95.38,4.8,6.13,3.46,1.44,1.72,1.15,3680,1689,1991,2409,1320,1089,65.46,78.15,54.7,1135,3153,527,36,16.71,52.71,4487,2082,2405,374,908,70,60,880,740,605,529,110,118,43,50,28.57,17.96,37.75,2.9,3.36,2.49,36.1,42.27,30.77,25.27,29.06,22,5.08,5.28,4.91,2.07,2.07,2.08,0,4815,0,0,100,0,379,149,230,57,6,51,15.04,4.03,22.17,4815,115,4700,0,2.39,383.486795749198
Bagmati,Nuwakot,Bidur,NP03,NP0328,NP0328301,4,1732,6869,3431,3438,3.965935334872979,99.79639325189063,5753,2841,2912,2622,1705,917,123,47,76,691,234,457,2305,850,1455,12,5,7,6869,516,600,580,594,637,725,691,576,502,306,343,245,187,133,106,64,29,21,12,2,3431,272,318,297,293,285,360,318,284,257,162,191,126,95,53,55,30,16,10,8,1,3438,244,282,283,301,352,365,373,292,245,144,152,119,92,80,51,34,13,11,4,1,1540,784,756,744,734,33,18,7,4,95.97,94.9,97.09,3.31,4.21,2.38,0.71,0.89,0.53,5173,2544,2629,4264,2259,2005,82.43,88.8,76.26,1696,4806,367,35.29,7.64,42.93,6353,3159,3194,289,627,131,101,1107,954,1190,1070,387,356,55,86,14.42,9.15,19.63,3.65,4.15,3.16,32.44,35.04,29.87,35.57,37.67,33.5,11.7,12.25,11.15,2.22,1.74,2.69,6869,0,0,100,0,0,637,285,352,57,10,47,8.95,3.51,13.35,6869,75,6794,0,1.09,3579.30620133428
Bagmati,Nuwakot,Bidur,NP03,NP0328,NP0328301,5,1437,6106,2968,3138,4.249130132219903,94.5825366475462,5172,2490,2682,2480,1399,1081,207,126,81,637,210,427,1845,754,1091,3,1,2,6106,459,475,547,604,578,511,501,557,423,305,277,240,229,172,100,76,23,16,12,1,2968,244,234,283,307,255,231,241,265,212,155,122,110,112,85,51,38,15,4,4,0,3138,215,241,264,297,323,280,260,292,211,150,155,130,117,87,49,38,8,12,8,1,1380,696,684,656,647,32,27,7,10,94.42,94.25,94.59,4.28,4.6,3.95,1.23,1.01,1.46,4625,2207,2418,3515,1889,1626,76,85.59,67.25,1481,4225,400,35.05,9.47,44.52,5647,2724,2923,323,800,93,84,1111,941,945,839,201,183,51,76,19.89,11.86,27.37,3.13,3.41,2.87,36.34,40.79,32.19,31.59,34.69,28.7,6.8,7.38,6.26,2.25,1.87,2.6,0,6106,0,0,100,0,578,255,323,50,8,42,8.65,3.14,13,6106,72,6034,0,1.18,820.551468103111
Bagmati,Nuwakot,Bidur,NP03,NP0328,NP0328301,6,946,3917,1882,2035,4.1405919661733614,92.48157248157248,3318,1581,1737,1794,957,837,61,45,16,387,124,263,1070,453,617,6,2,4,3917,277,322,379,341,335,356,359,342,246,166,200,149,150,109,77,52,23,20,11,3,1882,149,152,192,177,155,165,159,161,133,77,86,68,73,46,36,23,9,14,6,1,2035,128,170,187,164,180,191,200,181,113,89,114,81,77,63,41,29,14,6,5,2,909,454,455,422,444,29,9,3,2,95.27,92.95,97.58,4.18,6.39,1.98,0.55,0.66,0.44,2939,1389,1550,2163,1175,988,73.6,84.59,63.74,978,2644,295,36.99,11.16,48.15,3640,1733,1907,216,564,51,50,742,638,589,522,125,116,10,17,21.43,12.46,29.58,2.77,2.94,2.62,37.91,42.82,33.46,30.52,33.99,27.37,6.62,7.21,6.08,0.74,0.58,0.89,0,3917,0,0,100,0,335,155,180,40,7,33,11.94,4.52,18.33,3917,87,3830,0,2.22,654.647361171139
Bagmati,Nuwakot,Bidur,NP03,NP0328,NP0328301,7,1057,4027,1950,2077,3.8098391674550616,93.88541165142031,3476,1643,1833,1879,994,885,28,11,17,528,173,355,1040,465,575,1,0,1,4027,259,292,272,325,343,327,280,281,241,223,285,218,194,178,128,97,40,30,12,2,1950,149,158,136,173,154,152,135,119,115,100,130,95,93,91,70,43,15,12,9,1,2077,110,134,136,152,189,175,145,162,126,123,155,123,101,87,58,54,25,18,3,1,756,400,356,384,339,10,17,6,0,95.63,96,95.22,3.57,2.5,4.78,0.79,1.5,0,3204,1507,1697,2159,1170,989,67.38,77.64,58.28,823,2717,487,30.29,17.92,48.21,3768,1801,1967,342,708,49,45,635,502,644,574,89,69,42,69,27.87,18.99,35.99,2.49,2.72,2.29,30.18,35.26,25.52,32.32,35.76,29.18,4.19,4.94,3.51,2.95,2.33,3.51,0,0,4027,0,0,100,343,154,189,41,4,37,11.95,2.6,19.58,4027,96,3931,0,2.38,299.082195689622
Bagmati,Nuwakot,Bidur,NP03,NP0328,NP0328301,9,1903,7334,3423,3911,3.853914871255912,87.52237279468167,6066,2766,3300,2480,1382,1098,167,121,46,934,307,627,2427,936,1491,58,20,38,7334,549,719,680,693,672,716,632,556,457,387,354,233,203,157,151,81,43,30,17,4,3423,286,371,343,354,277,287,273,237,222,179,167,113,95,71,61,41,22,12,11,1,3911,263,348,337,339,395,429,359,319,235,208,187,120,108,86,90,40,21,18,6,3,1826,924,902,881,864,23,23,20,15,95.56,95.35,95.79,2.52,2.49,2.55,1.92,2.16,1.66,5386,2423,2963,4195,2164,2031,77.89,89.31,68.55,1948,4903,483,39.73,9.85,49.58,6785,3137,3648,280,953,102,116,1335,1080,1155,1182,203,192,62,125,18.17,8.93,26.12,3.21,3.25,3.18,35.59,42.56,29.61,34.44,36.82,32.4,5.82,6.47,5.26,2.76,1.98,3.43,0,7334,0,0,100,0,672,277,395,80,7,73,11.9,2.53,18.48,7334,158,7176,0,2.15,1190.71643820248
Bagmati,Nuwakot,Bidur,NP03,NP0328,NP0328301,10,869,3392,1621,1771,3.903337169159954,91.53020892151326,2899,1374,1525,1004,596,408,66,41,25,416,152,264,1412,584,828,1,1,0,3392,227,266,273,312,273,275,225,256,246,170,209,174,144,138,95,66,26,12,3,2,1621,114,133,145,149,126,123,103,124,119,71,101,79,68,71,41,30,16,6,0,2,1771,113,133,128,163,147,152,122,132,127,99,108,95,76,67,54,36,10,6,3,0,712,359,353,344,337,14,13,1,3,95.65,95.82,95.47,3.79,3.9,3.68,0.56,0.28,0.85,2626,1229,1397,1725,912,813,65.69,74.21,58.2,766,2284,342,33.54,14.97,48.51,3165,1507,1658,318,587,48,39,515,418,514,486,77,63,35,65,28.59,21.1,35.4,2.75,3.19,2.35,29.48,34.17,25.21,31.6,34.11,29.31,4.42,5.11,3.8,3.16,2.32,3.92,0,0,3392,0,0,100,273,126,147,16,2,14,5.86,1.59,9.52,3392,55,3337,0,1.62,249.750562362134
Bagmati,Nuwakot,Bidur,NP03,NP0328,NP0328301,12,949,3590,1724,1866,3.7829293993677555,92.39013933547695,3045,1436,1609,1727,874,853,124,79,45,502,189,313,685,291,394,7,3,4,3590,253,292,318,319,253,296,252,236,229,202,225,166,189,127,104,67,21,23,12,6,1724,135,153,157,156,127,140,107,112,109,90,108,68,101,60,47,26,7,13,4,4,1866,118,139,161,163,126,156,145,124,120,112,117,98,88,67,57,41,14,10,8,2,801,408,393,381,380,17,12,10,1,95.01,93.38,96.69,3.62,4.17,3.05,1.37,2.45,0.25,2727,1279,1448,1740,948,792,63.81,74.12,54.7,863,2367,360,36.46,15.21,51.67,3337,1589,1748,340,657,49,47,680,577,449,394,31,30,40,43,29.88,21.4,37.59,2.88,3.08,2.69,37.67,42.79,33.01,25.26,28.26,22.54,1.83,1.95,1.72,2.49,2.52,2.46,3590,0,0,100,0,0,253,127,126,27,6,21,10.67,4.72,16.67,3590,56,3534,0,1.56,241.896256422969
Bagmati,Nuwakot,Kispang,NP03,NP0328,NP0328402,5,915,3387,1664,1723,3.7016393442622952,96.57573998839234,2788,1345,1443,1096,600,496,234,119,115,603,249,354,855,377,478,0,0,0,3387,268,331,236,240,297,266,263,234,205,176,195,137,160,132,108,70,38,16,14,1,1664,142,177,128,117,147,114,118,121,90,76,104,71,74,68,55,32,20,6,3,1,1723,126,154,108,123,150,152,145,113,115,100,91,66,86,64,53,38,18,10,11,0,707,371,336,345,320,21,13,5,3,94.06,92.99,95.24,4.81,5.66,3.87,1.13,1.35,0.89,2552,1217,1335,1699,908,791,66.58,74.61,59.25,835,2173,379,38.43,17.44,55.87,3119,1522,1597,315,549,52,38,639,497,426,415,37,31,53,67,27.7,20.7,34.38,2.89,3.42,2.38,36.42,41.98,31.12,26.96,27.99,25.99,2.18,2.43,1.94,3.85,3.48,4.2,3387,0,0,100,0,0,297,147,150,35,4,31,11.78,2.72,20.67,3387,94,3293,0,2.78,329.882183264893
Bagmati,Nuwakot,Tarakeshwor,NP03,NP0328,NP0328403,2,589,2200,1046,1154,3.735144312393888,90.64124783362219,1825,859,966,1169,563,606,11,5,6,250,108,142,394,183,211,1,0,1,2200,168,207,218,173,148,181,129,131,132,108,124,108,105,79,88,55,31,11,4,0,1046,86,101,111,87,63,71,63,58,57,53,52,56,54,42,42,28,15,6,1,0,1154,82,106,107,86,85,110,66,73,75,55,72,52,51,37,46,27,16,5,3,0,537,268,269,252,251,13,13,3,5,93.67,94.03,93.31,4.84,4.85,4.83,1.49,1.12,1.86,1607,748,859,1061,574,487,66.02,76.74,56.69,593,1339,268,44.29,20.01,64.3,2032,960,1072,176,377,28,24,463,382,218,214,21,10,54,65,27.21,18.33,35.17,2.56,2.92,2.24,41.58,48.23,35.63,21.26,22.71,19.96,1.53,2.19,0.93,5.86,5.63,6.06,0,2200,0,0,100,0,148,63,85,29,5,24,19.59,7.94,28.24,2200,64,2136,0,2.91,286.886795774418
Bagmati,Nuwakot,Tarakeshwor,NP03,NP0328,NP0328403,4,677,2352,1091,1261,3.4741506646971936,86.51863600317209,2004,913,1091,1166,567,599,5,4,1,429,166,263,404,176,228,0,0,0,2352,152,196,204,207,160,146,157,130,129,128,143,132,145,118,85,54,32,25,7,2,1091,76,102,100,87,69,63,66,55,61,55,62,66,80,56,48,18,15,9,2,1,1261,76,94,104,120,91,83,91,75,68,73,81,66,65,62,37,36,17,16,5,1,529,257,272,234,260,20,10,3,2,93.38,91.05,95.59,5.67,7.78,3.68,0.95,1.17,0.74,1800,813,987,1100,606,494,61.11,74.54,50.05,552,1477,323,37.37,21.87,59.24,2200,1015,1185,210,495,28,21,506,387,201,221,29,15,41,46,32.05,20.69,41.77,2.23,2.76,1.77,40.59,49.85,32.66,19.18,19.8,18.65,2,2.86,1.27,3.95,4.04,3.88,0,0,2352,0,0,100,160,69,91,26,2,24,16.25,2.9,26.37,2352,41,2311,0,1.74,138.250237514731
Bagmati,Nuwakot,Belkotgadhi,NP03,NP0328,NP0328302,5,826,3180,1543,1637,3.8498789346246975,94.25778863775199,2690,1309,1381,1460,762,698,15,13,2,407,164,243,807,369,438,1,1,0,3180,219,271,304,347,259,255,235,203,188,169,180,135,123,89,64,77,32,18,8,4,1543,100,134,165,155,125,120,113,101,83,79,88,71,60,49,31,38,17,7,5,2,1637,119,137,139,192,134,135,122,102,105,90,92,64,63,40,33,39,15,11,3,2,790,396,394,364,370,27,19,5,5,92.91,91.92,93.91,5.82,6.82,4.82,1.27,1.26,1.27,2386,1144,1242,1475,792,683,61.82,69.23,54.99,794,2094,292,37.92,13.94,51.86,2961,1443,1518,354,563,37,43,640,510,370,359,33,38,9,5,30.97,24.53,37.09,2.7,2.56,2.83,38.84,44.35,33.6,24.62,25.64,23.65,2.4,2.29,2.5,0.47,0.62,0.33,0,3180,0,0,100,0,259,125,134,38,11,27,14.67,8.8,20.15,3180,190,2989,1,5.97,330.574663510337
Bagmati,Nuwakot,Belkotgadhi,NP03,NP0328,NP0328302,7,1090,4547,2262,2285,4.171559633027523,98.99343544857769,3860,1904,1956,1837,1070,767,52,37,15,1046,404,642,925,393,532,0,0,0,4547,337,350,446,457,450,409,355,300,271,210,246,183,145,141,123,71,26,18,7,2,2262,170,188,221,240,213,205,166,150,129,101,129,93,69,77,59,33,10,7,2,0,2285,167,162,225,217,237,204,189,150,142,109,117,90,76,64,64,38,16,11,5,2,1080,555,525,512,498,34,21,9,6,93.52,92.25,94.86,5.09,6.13,4,1.39,1.62,1.14,3414,1683,1731,2322,1319,1003,68.01,78.37,57.94,1133,3026,388,37.44,12.82,50.26,4210,2092,2118,372,733,60,38,928,692,615,553,70,64,47,38,26.25,17.78,34.61,2.33,2.87,1.79,38.48,44.36,32.67,27.74,29.4,26.11,3.18,3.35,3.02,2.02,2.25,1.79,0,4547,0,0,100,0,450,213,237,74,22,52,16.44,10.33,21.94,4547,78,4469,0,1.72,394.939013321266
Bagmati,Nuwakot,Belkotgadhi,NP03,NP0328,NP0328302,8,746,2858,1382,1476,3.831099195710456,93.63143631436314,2463,1173,1290,1355,712,643,87,37,50,467,183,284,549,239,310,5,2,3,2858,191,204,231,249,223,191,195,195,193,202,191,164,140,108,81,62,15,14,5,4,1382,104,105,117,121,111,81,80,98,79,109,94,71,71,56,37,34,4,8,2,0,1476,87,99,114,128,112,110,115,97,114,93,97,93,69,52,44,28,11,6,3,4,588,304,284,289,268,11,14,4,2,94.73,95.07,94.37,4.25,3.62,4.93,1.02,1.32,0.7,2232,1056,1176,1514,817,697,67.83,77.37,59.27,626,1943,289,32.22,14.87,47.09,2667,1278,1389,243,481,45,37,439,346,408,346,57,44,86,135,27.15,19.01,34.63,3.07,3.52,2.66,29.43,34.35,24.91,28.27,31.92,24.91,3.79,4.46,3.17,8.29,6.73,9.72,0,0,2858,0,0,100,223,111,112,13,3,10,5.83,2.7,8.93,2858,72,2786,0,2.52,251.030031202207
Bagmati,Chitawan,Ichchha Kamana,NP03,NP0335,NP0335401,3,822,3334,1647,1687,4.0559610705596105,97.628927089508,2803,1386,1417,1541,891,650,91,38,53,296,99,197,875,358,517,0,0,0,3334,250,281,285,320,314,324,239,219,206,182,183,101,112,110,79,54,38,19,13,5,1647,120,141,138,175,143,155,108,111,104,84,95,64,52,53,36,30,23,9,5,1,1687,130,140,147,145,171,169,131,108,102,98,88,37,60,57,43,24,15,10,8,4,761,384,377,348,345,26,24,10,8,91.06,90.63,91.51,6.57,6.77,6.37,2.37,2.6,2.12,2518,1248,1270,1893,1030,863,75.18,82.53,67.95,816,2200,318,37.09,14.45,51.55,3084,1527,1557,220,411,49,40,725,605,428,384,49,30,56,87,20.46,14.41,26.4,2.89,3.21,2.57,43.13,47.48,38.86,26.33,28.03,24.66,2.56,3.21,1.93,4.64,3.67,5.59,0,0,3334,0,0,100,314,143,171,48,9,39,15.29,6.29,22.81,3334,85,3249,0,2.55,156.585493166574
Bagmati,Chitawan,Ichchha Kamana,NP03,NP0335,NP0335401,4,1127,4504,2317,2187,3.996450754214729,105.94421582075904,3747,1909,1838,1845,1072,773,101,59,42,785,349,436,1004,426,578,12,3,9,4504,369,388,417,471,429,468,407,342,273,213,176,152,124,98,78,47,24,18,7,3,2317,196,212,238,252,225,238,195,150,136,109,97,80,54,56,34,17,13,10,4,1,2187,173,176,179,219,204,230,212,192,137,104,79,72,70,42,44,30,11,8,3,2,1083,611,472,536,418,62,40,13,14,88.09,87.73,88.56,9.42,10.15,8.47,2.49,2.13,2.97,3330,1671,1659,2624,1413,1211,78.8,84.56,73,1174,3055,275,38.43,9,47.43,4135,2121,2014,267,458,77,52,1002,825,635,557,100,64,40,58,17.53,12.59,22.74,3.12,3.63,2.58,44.18,47.24,40.96,28.83,29.94,27.66,3.97,4.71,3.18,2.37,1.89,2.88,0,0,4504,0,0,100,429,225,204,59,17,42,13.75,7.56,20.59,4504,46,4458,0,1.02,392.881859971113
Gandaki,Gorkha,Shahid Lakhan,NP04,NP0436,NP0436408,2,675,2649,1263,1386,3.9244444444444446,91.12554112554112,2297,1074,1223,1494,716,778,7,4,3,164,67,97,612,278,334,20,9,11,2649,169,183,206,220,255,237,213,184,157,132,172,127,124,86,76,47,33,19,6,3,1263,90,99,94,105,120,100,105,81,73,55,81,67,60,49,30,22,18,8,3,3,1386,79,84,112,115,135,137,108,103,84,77,91,60,64,37,46,25,15,11,3,0,498,250,248,222,237,24,8,4,3,92.17,88.8,95.56,6.43,9.6,3.23,1.41,1.6,1.21,2091,980,1111,1496,761,735,71.54,77.65,66.16,558,1821,270,30.64,14.83,45.47,2480,1173,1307,235,389,28,23,524,486,339,347,20,29,27,33,25.16,20.03,29.76,2.06,2.39,1.76,40.73,44.67,37.18,27.66,28.9,26.55,1.98,1.71,2.22,2.42,2.3,2.52,0,0,2649,0,0,100,255,120,135,38,2,36,14.9,1.67,26.67,2649,46,2596,7,1.74,388.074097687436
Gandaki,Gorkha,Shahid Lakhan,NP04,NP0436,NP0436408,3,865,3449,1687,1762,3.9872832369942195,95.74347332576617,2950,1437,1513,1933,1001,932,104,60,44,313,140,173,594,232,362,6,4,2,3449,227,272,250,275,339,288,292,237,195,160,195,171,171,139,96,60,43,32,3,4,1687,124,126,114,149,172,138,129,116,88,76,99,86,74,71,52,27,25,21,0,0,1762,103,146,136,126,167,150,163,121,107,84,96,85,97,68,44,33,18,11,3,4,681,318,363,264,331,34,12,3,10,87.37,83.02,91.18,6.75,10.69,3.31,1.91,0.94,2.75,2700,1323,1377,2022,1093,929,74.89,82.62,67.47,749,2323,377,32.24,16.23,48.47,3222,1563,1659,228,455,41,44,715,651,471,405,34,30,74,74,21.2,14.59,27.43,2.64,2.62,2.65,42.4,45.75,39.24,27.19,30.13,24.41,1.99,2.18,1.81,4.59,4.73,4.46,0,0,3449,0,0,100,339,172,167,40,7,33,11.8,4.07,19.76,3449,72,3377,0,2.09,141.828707026755
Gandaki,Gorkha,Shahid Lakhan,NP04,NP0436,NP0436408,4,739,2612,1198,1414,3.534506089309878,84.72418670438473,2185,998,1187,1173,609,564,59,40,19,336,116,220,617,233,384,0,0,0,2612,207,220,243,230,235,167,192,164,144,136,137,134,124,92,82,65,19,11,5,5,1198,97,103,121,103,103,70,69,84,58,56,65,63,60,43,39,36,16,7,4,1,1414,110,117,122,127,132,97,123,80,86,80,72,71,64,49,43,29,3,4,1,4,610,290,320,265,299,22,19,3,2,92.46,91.38,93.44,6.72,7.59,5.94,0.82,1.03,0.63,1942,877,1065,1319,665,654,67.92,75.83,61.41,670,1663,279,40.29,16.78,57.07,2405,1101,1304,218,416,34,34,559,556,221,241,38,25,31,32,26.36,19.8,31.9,2.83,3.09,2.61,46.36,50.77,42.64,19.21,20.07,18.48,2.62,3.45,1.92,2.62,2.82,2.45,0,0,2612,0,0,100,235,103,132,42,5,37,17.87,4.85,28.03,2612,59,2553,0,2.26,213.483702578952
Gandaki,Gorkha,Shahid Lakhan,NP04,NP0436,NP0436408,5,518,1847,862,985,3.5656370656370657,87.51269035532995,1590,718,872,1159,509,650,4,3,1,86,42,44,341,164,177,0,0,0,1847,136,121,150,158,142,136,118,88,113,100,109,108,105,99,68,45,29,12,6,4,862,81,63,74,77,64,53,51,36,45,42,42,54,49,49,27,25,19,7,2,2,985,55,58,76,81,78,83,67,52,68,58,67,54,56,50,41,20,10,5,4,2,360,182,178,171,158,11,17,0,3,91.39,93.96,88.76,7.78,6.04,9.55,0.83,0,1.69,1440,644,796,974,501,473,67.64,77.8,59.42,407,1177,263,34.58,22.34,56.92,1711,781,930,143,325,24,22,411,344,162,161,10,12,31,66,27.35,18.31,34.95,2.69,3.07,2.37,44.13,52.62,36.99,18.88,20.74,17.31,1.29,1.28,1.29,5.67,3.97,7.1,0,0,1847,0,0,100,142,64,78,31,2,29,21.83,3.13,37.18,1847,136,1711,0,7.36,137.349848431802
Gandaki,Gorkha,Shahid Lakhan,NP04,NP0436,NP0436408,6,961,3135,1450,1685,3.262226847034339,86.05341246290801,2746,1228,1518,1744,754,990,60,45,15,243,99,144,698,329,369,1,1,0,3135,183,206,227,295,193,247,192,190,199,160,202,170,192,170,151,80,39,27,12,0,1450,106,116,124,140,88,94,99,85,76,66,92,75,74,77,69,37,17,11,4,0,1685,77,90,103,155,105,153,93,105,123,94,110,95,118,93,82,43,22,16,8,0,593,324,269,301,251,12,12,11,6,93.09,92.9,93.31,4.05,3.7,4.46,2.87,3.4,2.23,2519,1104,1415,1619,830,789,64.27,75.18,55.76,616,2040,479,30.2,23.48,53.68,2952,1344,1608,283,631,22,20,603,506,376,329,31,41,29,81,30.96,21.06,39.24,1.42,1.64,1.24,37.57,44.87,31.47,23.88,27.98,20.46,2.44,2.31,2.55,3.73,2.16,5.04,0,0,3135,0,0,100,193,88,105,21,4,17,10.88,4.55,16.19,3135,107,3028,0,3.41,150.692761301368
Gandaki,Gorkha,Gandaki,NP04,NP0436,NP0436409,1,620,2319,1155,1164,3.740322580645161,99.22680412371135,1981,984,997,1136,603,533,22,14,8,327,128,199,477,228,249,19,11,8,2319,147,191,214,229,190,193,155,155,124,118,114,108,98,101,77,60,21,16,6,2,1155,75,96,117,116,96,104,72,64,62,53,61,59,48,44,36,29,8,10,4,1,1164,72,95,97,113,94,89,83,91,62,65,53,49,50,57,41,31,13,6,2,1,535,282,253,245,224,30,23,7,6,87.66,86.88,88.54,9.91,10.64,9.09,2.43,2.48,2.37,1767,867,900,1271,685,586,71.93,79.01,65.11,552,1484,283,37.2,19.07,56.27,2172,1080,1092,193,323,17,18,506,437,292,233,38,37,34,44,23.76,17.87,29.58,1.61,1.57,1.65,43.42,46.85,40.02,24.17,27.04,21.34,3.45,3.52,3.39,3.59,3.15,4.03,0,0,2319,0,0,100,190,96,94,24,7,17,12.63,7.29,18.09,2319,66,2252,1,2.85,213.471889692014
Gandaki,Gorkha,Gandaki,NP04,NP0436,NP0436409,2,815,3126,1488,1638,3.8355828220858896,90.84249084249085,2724,1288,1436,1186,614,572,33,21,12,500,214,286,1004,438,566,1,1,0,3126,209,193,251,301,267,247,187,159,177,152,203,173,155,147,106,84,66,18,19,12,1488,108,92,120,139,136,115,96,72,81,64,93,77,82,68,46,43,37,9,4,6,1638,101,101,131,162,131,132,91,87,96,88,110,96,73,79,60,41,29,9,15,6,624,291,333,259,305,25,18,5,9,90.38,89,91.59,6.89,8.59,5.41,2.24,1.72,2.7,2473,1168,1305,1827,961,866,73.88,82.28,66.36,653,2021,452,32.31,22.37,54.68,2917,1380,1537,216,454,27,19,721,576,332,289,35,35,49,164,22.97,15.65,29.54,1.58,1.96,1.24,44.46,52.25,37.48,21.29,24.06,18.8,2.4,2.54,2.28,7.3,3.55,10.67,0,0,3126,0,0,100,267,136,131,31,6,25,11.61,4.41,19.08,3126,100,3026,0,3.2,156.34379971549
Gandaki,Gorkha,Gandaki,NP04,NP0436,NP0436409,6,797,3573,1748,1825,4.48306148055207,95.78082191780823,3078,1490,1588,1685,893,792,74,38,36,552,232,320,665,278,387,102,49,53,3573,239,256,359,438,442,280,195,197,189,216,170,142,150,112,82,61,28,5,9,3,1748,128,130,158,211,210,144,97,97,77,106,95,66,75,66,40,27,16,3,1,1,1825,111,126,201,227,232,136,98,100,112,110,75,76,75,46,42,34,12,2,8,2,858,407,451,377,419,25,27,1,1,92.77,92.63,92.9,6.06,6.14,5.99,0.23,0.25,0.22,2719,1332,1387,1789,966,823,65.8,72.52,59.34,854,2419,300,35.3,12.4,47.71,3334,1620,1714,367,563,27,30,788,722,355,332,55,45,28,22,27.89,22.65,32.85,1.71,1.67,1.75,45.29,48.64,42.12,20.61,21.91,19.37,3,3.4,2.63,1.5,1.73,1.28,0,0,3573,0,0,100,442,210,232,47,10,37,10.63,4.76,15.95,3573,68,3386,119,1.9,166.532232166719
Gandaki,Gorkha,Gandaki,NP04,NP0436,NP0436409,7,674,2803,1410,1393,4.158753709198813,101.22038765254845,2428,1216,1212,1138,718,420,144,52,92,402,139,263,733,300,433,11,7,4,2803,191,184,190,285,296,245,212,190,187,147,182,111,93,91,78,60,38,12,9,2,1410,94,100,85,144,149,132,121,86,91,79,83,63,50,41,36,25,20,5,5,1,1393,97,84,105,141,147,113,91,104,96,68,99,48,43,50,42,35,18,7,4,1,541,273,268,252,252,19,14,2,1,93.16,92.31,94.03,6.1,6.96,5.22,0.55,0.73,0.37,2238,1131,1107,1638,921,717,73.19,81.43,64.77,565,1948,290,29,14.89,43.89,2612,1316,1296,212,392,27,21,528,462,422,336,96,54,31,31,23.12,16.11,30.25,1.84,2.05,1.62,37.9,40.12,35.65,29.02,32.07,25.93,5.74,7.29,4.17,2.37,2.36,2.39,0,0,2803,0,0,100,296,149,147,44,14,30,14.86,9.4,20.41,2803,111,2691,1,3.96,150.478158709953
Gandaki,Gorkha,Gandaki,NP04,NP0436,NP0436409,8,853,3289,1577,1712,3.8558030480656504,92.11448598130842,2819,1340,1479,1692,829,863,42,13,29,336,148,188,744,348,396,5,2,3,3289,211,259,269,305,316,269,224,200,215,177,192,142,157,116,91,85,35,23,3,0,1577,101,136,142,150,144,119,113,93,98,66,95,73,85,50,51,35,15,8,3,0,1712,110,123,127,155,172,150,111,107,117,111,97,69,72,66,40,50,20,15,0,0,715,375,340,339,319,29,20,6,1,92.03,90.4,93.82,6.85,7.73,5.88,0.98,1.6,0.29,2550,1198,1352,1853,981,872,72.67,81.89,64.5,739,2197,353,33.64,16.07,49.7,3078,1476,1602,222,483,46,41,639,546,471,415,54,56,44,61,22.9,15.04,30.15,2.83,3.12,2.56,38.5,43.29,34.08,28.78,31.91,25.91,3.57,3.66,3.5,3.41,2.98,3.81,0,0,3289,0,0,100,316,144,172,24,6,18,7.59,4.17,10.47,3289,84,3205,0,2.55,211.777385330337
Gandaki,Tanahu,Devghat,NP04,NP0440,NP0440406,4,369,1454,709,745,3.940379403794038,95.16778523489933,1242,604,638,922,454,468,8,7,1,141,63,78,135,65,70,36,15,21,1454,125,87,118,117,141,92,81,73,95,96,123,88,64,50,35,30,26,9,3,1,709,57,48,60,51,58,52,45,30,41,46,66,46,30,33,14,16,14,1,1,0,745,68,39,58,66,83,40,36,43,54,50,57,42,34,17,21,14,12,8,2,1,280,138,142,120,118,12,21,6,3,85,86.96,83.1,11.79,8.7,14.79,3.21,4.35,2.11,1124,544,580,697,409,288,62.01,75.18,49.66,330,970,154,34.02,15.88,49.9,1329,652,677,141,293,12,11,414,270,60,63,2,10,23,30,32.66,21.63,43.28,1.73,1.84,1.62,51.47,63.5,39.88,9.26,9.2,9.31,0.9,0.31,1.48,3.99,3.53,4.43,0,0,1454,0,0,100,141,58,83,28,3,25,19.86,5.17,30.12,1454,67,1385,2,4.61,51.7490465932186
Gandaki,Tanahu,Devghat,NP04,NP0440,NP0440406,5,1854,6788,3230,3558,3.6612729234088457,90.78133783024171,5792,2716,3076,2815,1576,1239,218,123,95,788,239,549,1902,753,1149,69,25,44,6788,478,518,529,566,627,645,493,450,403,347,380,288,264,258,218,155,92,47,19,11,3230,253,261,252,275,309,318,222,204,192,150,183,140,118,111,105,65,38,21,9,4,3558,225,257,277,291,318,327,271,246,211,197,197,148,146,147,113,90,54,26,10,7,1371,667,704,615,645,44,45,4,8,91.9,92.2,91.62,6.49,6.6,6.39,0.88,0.6,1.14,5263,2464,2799,4029,2123,1906,76.55,86.16,68.1,1525,4463,800,34.17,17.93,52.1,6310,2977,3333,345,897,72,72,1338,1196,880,806,199,105,143,257,19.68,11.59,26.91,2.28,2.42,2.16,40.16,44.94,35.88,26.72,29.56,24.18,4.82,6.68,3.15,6.34,4.8,7.71,0,0,6788,0,0,100,627,309,318,104,23,81,16.59,7.44,25.47,6788,225,6548,15,3.31,250.394718427303
Gandaki,Tanahu,Aanbu Khaireni,NP04,NP0440,NP0440405,4,474,1757,862,895,3.7067510548523206,96.31284916201118,1515,736,779,910,456,454,25,11,14,229,99,130,339,159,180,12,11,1,1757,116,126,156,161,177,134,117,112,98,99,105,81,85,87,51,40,5,3,3,1,862,66,60,83,80,89,57,54,54,42,41,48,43,40,47,27,25,2,3,0,1,895,50,66,73,81,88,77,63,58,56,58,57,38,45,40,24,15,3,0,3,0,379,188,191,162,174,22,14,1,1,88.65,86.17,91.1,9.5,11.7,7.33,0.53,0.53,0.52,1359,653,706,971,513,458,71.45,78.56,64.87,398,1169,190,34.05,16.25,50.3,1641,796,845,138,248,17,15,462,352,121,140,10,9,48,81,23.52,17.34,29.35,1.95,2.14,1.78,49.6,58.04,41.66,15.9,15.2,16.57,1.16,1.26,1.07,7.86,6.03,9.59,0,0,1757,0,0,100,177,89,88,17,3,14,9.6,3.37,15.91,1757,142,1615,0,8.08,80.1264693938093
Gandaki,Tanahu,Aanbu Khaireni,NP04,NP0440,NP0440405,5,354,1510,750,760,4.265536723163842,98.68421052631578,1274,631,643,752,402,350,70,31,39,116,45,71,315,141,174,21,12,9,1510,126,110,135,122,149,113,79,81,72,83,99,80,83,70,51,21,14,15,3,4,750,68,51,73,55,82,62,39,36,23,46,51,32,47,29,25,12,8,8,1,2,760,58,59,62,67,67,51,40,45,49,37,48,48,36,41,26,9,6,7,2,2,311,155,156,134,133,18,14,3,5,85.85,86.45,85.26,10.29,11.61,8.97,2.57,1.94,3.21,1139,558,581,589,343,246,51.71,61.47,42.34,371,961,178,38.61,18.52,57.13,1384,682,702,215,338,13,15,343,243,86,86,3,3,22,17,39.96,31.52,48.15,2.02,1.91,2.14,42.34,50.29,34.62,12.43,12.61,12.25,0.43,0.44,0.43,2.82,3.23,2.42,0,0,1510,0,0,100,149,82,67,23,5,18,15.44,6.1,26.87,1510,52,1438,20,3.44,57.969365378645
Gandaki,Nawalparasi East,Gaidakot,NP04,NP0447,NP0447304,2,2483,8791,4322,4469,3.540475231574708,96.71067352875363,7618,3683,3935,2834,1830,1004,291,128,163,1010,361,649,3454,1349,2105,29,15,14,8791,543,630,675,867,990,855,712,714,635,496,445,349,289,219,139,103,75,37,10,8,4322,288,351,372,448,502,389,319,305,304,261,210,167,132,111,69,36,34,17,4,3,4469,255,279,303,419,488,466,393,409,331,235,235,182,157,108,70,67,41,20,6,5,1779,971,808,913,759,41,40,17,9,93.99,94.03,93.94,4.55,4.22,4.95,1.46,1.75,1.11,6943,3311,3632,6127,3089,3038,88.25,93.3,83.65,1848,6352,591,29.09,9.3,38.4,8248,4034,4214,234,602,104,101,1300,1206,1793,1748,534,424,69,133,10.14,5.8,14.29,2.49,2.58,2.4,30.38,32.23,28.62,42.93,44.45,41.48,11.61,13.24,10.06,2.45,1.71,3.16,8791,0,0,100,0,0,990,502,488,52,9,43,5.25,1.79,8.81,8791,158,8633,0,1.8,4427.12739813226
Gandaki,Nawalparasi East,Gaidakot,NP04,NP0447,NP0447304,3,702,3162,1549,1613,4.504273504273504,96.03223806571606,2691,1304,1387,1525,766,759,38,23,15,274,113,161,817,387,430,37,15,22,3162,230,241,312,345,364,259,223,206,195,173,172,133,100,65,51,39,42,10,2,0,1549,118,127,165,173,152,137,106,94,85,84,79,73,49,39,23,17,21,7,0,0,1613,112,114,147,172,212,122,117,112,110,89,93,60,51,26,28,22,21,3,2,0,747,390,357,344,311,29,34,13,9,87.68,88.21,87.11,8.43,7.44,9.52,2.95,3.33,2.52,2379,1139,1240,1628,875,753,68.43,76.82,60.73,783,2170,209,36.08,9.63,45.71,2932,1431,1501,270,488,30,29,752,625,335,297,17,21,27,41,25.85,18.87,32.51,2.01,2.1,1.93,46.96,52.55,41.64,21.56,23.41,19.79,1.3,1.19,1.4,2.32,1.89,2.73,0,0,3162,0,0,100,364,152,212,63,11,52,17.31,7.24,24.53,3162,64,3094,4,2.02,51.3016770294324
Gandaki,Nawalparasi East,Gaidakot,NP04,NP0447,NP0447304,5,1991,7931,3723,4208,3.983425414364641,88.47433460076046,6860,3135,3725,2158,1348,810,193,95,98,997,363,634,3469,1308,2161,43,21,22,7931,476,595,646,816,754,596,629,644,585,503,462,293,274,234,181,128,60,36,9,10,3723,254,334,340,409,326,256,254,253,261,236,234,140,120,112,83,58,29,18,3,3,4208,222,261,306,407,428,340,375,391,324,267,228,153,154,122,98,70,31,18,6,7,1702,909,793,871,775,23,10,12,5,96.71,95.82,97.73,1.94,2.53,1.26,1,1.32,0.63,6214,2795,3419,5277,2570,2707,84.92,91.95,79.18,1717,5556,658,30.9,11.84,42.75,7455,3469,3986,241,723,116,73,1046,1031,1617,1736,393,327,56,96,12.93,6.95,18.14,2.54,3.34,1.83,27.86,30.15,25.87,44.98,46.61,43.55,9.66,11.33,8.2,2.04,1.61,2.41,7931,0,0,100,0,0,754,326,428,42,8,34,5.57,2.45,7.94,7931,138,7787,6,1.74,8580.79809753179
Gandaki,Nawalparasi East,Gaidakot,NP04,NP0447,NP0447304,6,908,3784,1882,1902,4.167400881057269,98.9484752891693,3171,1540,1631,1092,766,326,89,42,47,466,157,309,1511,569,942,13,6,7,3784,290,323,337,407,396,361,302,296,221,177,194,142,119,73,64,42,15,13,5,7,1882,166,176,184,210,193,161,139,139,106,88,89,71,53,43,30,17,7,7,1,2,1902,124,147,153,197,203,200,163,157,115,89,105,71,66,30,34,25,8,6,4,5,883,479,404,446,376,23,19,4,4,93.09,93.11,93.07,4.76,4.8,4.7,0.91,0.84,0.99,2834,1356,1478,2378,1224,1154,83.91,90.27,78.08,950,2615,219,36.33,8.37,44.7,3494,1716,1778,130,323,39,30,769,653,609,552,118,118,51,102,12.97,7.58,18.17,1.97,2.27,1.69,40.7,44.81,36.73,33.23,35.49,31.05,6.75,6.88,6.64,4.38,2.97,5.74,3784,0,0,100,0,0,396,193,203,60,16,44,15.15,8.29,21.67,3784,58,3722,4,1.53,4165.96481609313
