province,district,municipality,adm1_pcode,adm2_pcode,adm3_pcode,ward,total_households,home_ownership_owned,home_ownership_rented,home_ownership_institutional,home_ownership_other,foundation_mud,foundation_mud_bonded_bricks_stone,foundation_cement_bonded_bricks_stone,foundation_reinforced_cement_concrete_with_pillars,foundation_wooden_pillars,outer_wall_mud_bonded_bricks_stone,outer_wall_cement_bonded_bricks_stone,outer_wall_wood_planks,outer_wall_bamboo,outer_wall_unbaked_bricks,outer_wall_galvanised_sheet,outer_wall_prefabricated_sheet,outer_wall_other,roof_galvanised_sheet,roof_reinforced_cement_concrete,roof_thatch_straw,roof_tile,roof_stone_slate,roof_wood_planks,roof_mud,roof_other,floor_mud,floor_wooden_plank_bamboo,floor_bricks_stone,floor_ceramic_tile,floor_cemented,floor_other,drinking_water_tap_piped_within_premises,drinking_water_tap_piped_outside_premises,drinking_water_tubewell_handpump,drinking_water_covered_well_kuwa,drinking_water_uncovered_well_kuwa,drinking_water_spout_water,drinking_water_river_stream,drinking_water_jar_bottle,drinking_water_other,cooking_fuel_wood_firewood,cooking_fuel_lpg,cooking_fuel_electricity,cooking_fuel_cowdung,cooking_fuel_biogas,cooking_fuel_kerosene,cooking_fuel_other,lighting_electricity,lighting_solar,lighting_kerosene,lighting_biogas,lighting_other,toilet_flush_public_sewerage,toilet_flush_septic_tank,toilet_pit,toilet_public,toilet_no_toilet,hh_amenities_without,hh_amenities_at_least_one,hh_amenities_radio,hh_amenities_television,hh_amenities_landline,hh_amenities_mobile_phone_ordinary,hh_amenities_mobile_phone_smart,hh_amenities_computer_laptop,hh_amenities_internet,hh_amenities_car_jeep_van,hh_amenities_motorcycle_scooter,hh_amenities_bicycle,hh_amenities_electric_fan,hh_amenities_refridgerator,hh_amenities_washing_machine,hh_amenities_air_conditioner,wealth_quintile_poorest_quintile_count,wealth_quintile_poorer_quintile_count,wealth_quintile_middle_quintile_count,wealth_quintile_richer_quintile_count,wealth_quintile_richest_quintile_count,wealth_quintile_poorest_quintile_pc,wealth_quintile_poorer_quintile_pc,wealth_quintile_middle_quintile_pc,wealth_quintile_richer_quintile_pc,wealth_quintile_richest_quintile_pc,house_quality_most_adequate_count,house_quality_adequate_count,house_quality_moderate_count,house_quality_inadequate_count,house_quality_least_adequate_count,house_quality_most_adequate_pc,house_quality_adequate_pc,house_quality_moderate_pc,house_quality_inadequate_pc,house_quality_least_adequate_pc
Bagmati,Rasuwa,Gosaikunda,NP03,NP0329,NP0329402,1,283,274,2,0,7,228,10,1,37,7,154,8,112,2,4,1,0,2,279,2,1,0,0,0,0,1,252,15,1,0,14,1,130,7,0,0,0,144,0,0,2,276,7,0,0,0,0,0,281,1,0,0,1,0,64,217,1,1,125,158,40,46,3,122,36,2,12,2,12,2,2,1,1,1,225,47,11,0,0,79.51,16.61,3.89,0,0,0,9,138,135,1,0,3.18,48.76,47.7,0.35
Bagmati,Rasuwa,Gosaikunda,NP03,NP0329,NP0329402,2,163,105,46,12,0,2,34,37,90,0,3,82,5,1,1,71,0,0,121,35,0,2,2,3,0,0,9,8,1,11,133,1,145,17,0,0,1,0,0,0,0,8,155,0,0,0,0,0,162,0,0,0,1,0,46,115,0,2,25,138,6,66,41,132,108,30,86,12,46,4,18,12,9,2,5,28,66,36,28,3.07,17.18,40.49,22.09,17.18,37,49,74,3,0,22.7,30.06,45.4,1.84,0
Bagmati,Rasuwa,Gosaikunda,NP03,NP0329,NP0329402,3,169,144,2,1,22,11,115,9,18,16,10,122,15,0,0,12,0,10,150,13,1,0,0,3,0,2,25,74,0,0,70,0,63,87,0,0,0,1,0,0,18,126,43,0,0,0,0,0,163,4,1,0,1,0,66,85,3,15,32,137,11,58,2,122,100,3,10,6,22,1,3,25,2,0,29,35,67,32,6,17.16,20.71,39.64,18.93,3.55,22,88,38,17,4,13.02,52.07,22.49,10.06,2.37
Bagmati,Rasuwa,Gosaikunda,NP03,NP0329,NP0329402,5,583,543,36,4,0,109,184,244,43,3,53,447,42,0,2,38,1,0,316,261,1,0,5,0,0,0,40,103,0,3,434,3,311,226,0,0,5,41,0,0,0,150,433,0,0,0,0,0,572,10,1,0,0,1,296,278,7,1,28,555,110,373,179,513,481,131,272,113,246,84,138,243,97,68,24,51,142,159,207,4.12,8.75,24.36,27.27,35.51,247,227,93,16,0,42.37,38.94,15.95,2.74,0
Bagmati,Rasuwa,Aamachhodingmo,NP03,NP0329,NP0329401,1,311,311,0,0,0,258,53,0,0,0,257,54,0,0,0,0,0,0,311,0,0,0,0,0,0,0,250,1,1,0,58,1,105,185,0,0,0,9,12,0,0,307,1,0,0,0,1,2,278,0,0,0,33,4,276,2,0,29,28,283,244,229,4,229,211,4,1,1,19,1,1,1,0,0,63,175,66,6,1,20.26,56.27,21.22,1.93,0.32,0,59,224,28,0,0,18.97,72.03,9,0
Bagmati,Rasuwa,Uttargaya,NP03,NP0329,NP0329403,1,293,286,5,2,0,242,21,7,22,1,228,25,1,6,0,33,0,0,271,19,1,0,0,2,0,0,226,5,0,0,62,0,100,158,0,6,12,16,0,0,1,257,35,0,0,0,1,0,257,35,1,0,0,0,62,135,0,96,28,265,53,31,0,245,76,1,3,0,12,0,0,8,1,0,207,55,23,6,2,70.65,18.77,7.85,2.05,0.68,10,25,216,42,0,3.41,8.53,73.72,14.33,0
Bagmati,Rasuwa,Uttargaya,NP03,NP0329,NP0329403,2,315,310,4,0,1,115,153,42,4,1,122,185,3,0,0,5,0,0,241,72,2,0,0,0,0,0,58,1,1,1,254,0,226,52,0,0,0,35,1,0,1,232,81,0,0,2,0,0,305,8,0,0,2,0,306,5,0,4,22,293,116,140,6,259,149,10,95,2,23,2,7,17,0,0,36,81,101,79,18,11.43,25.71,32.06,25.08,5.71,73,168,71,3,0,23.17,53.33,22.54,0.95,0
Bagmati,Rasuwa,Uttargaya,NP03,NP0329,NP0329403,3,296,296,0,0,0,24,253,15,3,1,23,267,1,0,0,5,0,0,153,142,0,0,0,1,0,0,25,9,1,0,254,7,8,276,0,0,1,7,4,0,0,214,78,1,0,3,0,0,289,3,1,1,2,1,19,271,0,5,18,278,102,136,0,266,154,7,7,2,29,2,12,11,0,0,15,27,200,48,6,5.07,9.12,67.57,16.22,2.03,8,246,39,3,0,2.7,83.11,13.18,1.01,0
Bagmati,Rasuwa,Uttargaya,NP03,NP0329,NP0329403,4,527,524,2,0,1,75,360,89,3,0,69,431,3,0,1,23,0,0,369,154,1,0,2,0,0,1,61,11,3,1,451,0,234,271,0,0,6,16,0,0,0,376,147,0,0,4,0,0,516,7,2,0,2,0,412,106,1,8,17,510,211,291,2,432,360,51,229,13,71,14,92,83,1,0,16,62,207,183,59,3.04,11.76,39.28,34.72,11.2,101,355,65,6,0,19.17,67.36,12.33,1.14,0
Bagmati,Rasuwa,Uttargaya,NP03,NP0329,NP0329403,5,757,744,11,1,1,32,542,180,3,0,19,596,2,0,3,137,0,0,526,228,1,0,1,1,0,0,32,13,11,3,693,5,211,513,0,0,6,27,0,0,0,257,494,2,0,4,0,0,751,6,0,0,0,0,646,108,0,3,15,742,256,430,11,655,604,99,345,9,170,26,306,167,6,2,7,28,271,293,158,0.92,3.7,35.8,38.71,20.87,344,316,92,5,0,45.44,41.74,12.15,0.66,0
Bagmati,Rasuwa,Kalika,NP03,NP0329,NP0329404,1,614,612,2,0,0,395,137,76,5,1,392,203,4,1,0,14,0,0,476,137,0,0,1,0,0,0,391,36,24,0,161,2,100,514,0,0,0,0,0,0,0,509,105,0,0,0,0,0,608,6,0,0,0,3,593,18,0,0,72,542,179,161,1,520,309,23,57,13,33,6,4,14,2,0,210,180,140,63,21,34.2,29.32,22.8,10.26,3.42,68,166,379,1,0,11.07,27.04,61.73,0.16,0
Bagmati,Rasuwa,Kalika,NP03,NP0329,NP0329404,2,682,657,22,3,0,74,391,212,3,2,72,598,2,0,0,9,0,1,300,373,1,0,7,0,0,1,91,9,1,2,578,1,455,223,0,0,3,0,1,0,0,315,364,0,0,2,0,1,669,9,4,0,0,43,563,74,0,2,23,659,317,353,32,582,586,154,350,21,159,33,52,99,5,0,26,39,230,221,166,3.81,5.72,33.72,32.4,24.34,310,309,61,2,0,45.45,45.31,8.94,0.29,0
Bagmati,Rasuwa,Kalika,NP03,NP0329,NP0329404,3,428,425,3,0,0,31,287,104,5,1,34,387,0,0,0,7,0,0,317,107,0,0,4,0,0,0,33,2,0,0,392,1,400,26,0,0,1,0,0,0,1,253,174,0,0,0,0,1,420,5,2,0,1,5,419,1,0,3,24,404,166,245,1,343,314,70,223,11,104,20,109,82,0,0,7,20,159,155,87,1.64,4.67,37.15,36.21,20.33,153,255,17,3,0,35.75,59.58,3.97,0.7,0
Bagmati,Rasuwa,Kalika,NP03,NP0329,NP0329404,4,249,249,0,0,0,57,190,2,0,0,49,199,1,0,0,0,0,0,197,52,0,0,0,0,0,0,15,4,0,0,230,0,235,12,0,0,2,0,0,0,0,240,9,0,0,0,0,0,247,2,0,0,0,3,243,2,1,0,3,246,146,65,1,234,124,8,16,3,21,5,28,19,2,0,7,37,175,26,4,2.81,14.86,70.28,10.44,1.61,6,230,13,0,0,2.41,92.37,5.22,0,0
Bagmati,Rasuwa,Kalika,NP03,NP0329,NP0329404,5,474,466,6,1,1,38,283,152,1,0,37,433,2,0,0,2,0,0,234,237,2,0,1,0,0,0,46,2,7,4,414,1,433,19,0,1,21,0,0,0,0,348,124,0,0,2,0,0,472,2,0,0,0,0,468,3,0,3,8,466,220,234,21,395,333,83,101,3,67,7,21,36,0,0,8,42,245,123,56,1.69,8.86,51.69,25.95,11.81,119,318,37,0,0,25.11,67.09,7.81,0,0
Bagmati,Dhading,Siddhalek,NP03,NP0330,NP0330407,3,682,674,7,0,1,465,173,42,2,0,418,260,0,1,1,2,0,0,419,142,1,1,119,0,0,0,357,8,2,2,310,3,153,405,3,0,5,90,25,0,1,527,152,0,1,2,0,0,672,7,2,0,1,1,289,389,1,2,42,640,380,260,2,580,313,13,106,1,34,5,99,23,0,0,223,199,174,68,18,32.7,29.18,25.51,9.97,2.64,75,188,374,45,0,11,27.57,54.84,6.6,0
Bagmati,Dhading,Siddhalek,NP03,NP0330,NP0330407,4,680,664,13,0,3,153,471,52,3,1,139,486,2,0,0,2,0,51,421,206,1,2,49,0,0,1,90,16,2,2,567,3,196,463,9,1,5,4,1,1,0,288,374,5,0,13,0,0,661,17,1,0,1,3,272,402,2,1,36,644,294,369,5,545,380,11,151,8,76,17,224,95,0,0,44,93,277,225,41,6.47,13.68,40.74,33.09,6.03,150,379,148,3,0,22.06,55.74,21.76,0.44,0
Bagmati,Dhading,Siddhalek,NP03,NP0330,NP0330407,6,735,726,9,0,0,427,227,73,8,0,363,351,7,0,0,6,0,8,413,228,3,0,90,1,0,0,221,16,1,2,483,12,62,487,0,0,17,168,0,1,0,486,208,3,0,33,4,1,722,7,3,0,3,17,193,487,2,36,55,680,215,337,6,603,317,30,76,8,73,25,263,122,2,1,189,205,165,141,35,25.71,27.89,22.45,19.18,4.76,84,241,377,33,0,11.43,32.79,51.29,4.49,0
Bagmati,Dhading,Siddhalek,NP03,NP0330,NP0330407,7,990,966,20,2,2,312,533,137,7,1,276,704,0,5,2,3,0,0,631,264,0,0,94,1,0,0,176,7,8,9,780,10,274,568,1,0,7,140,0,0,0,391,569,1,0,28,0,1,978,11,0,0,1,7,258,717,0,8,7,983,376,478,20,910,769,44,150,8,288,273,572,186,2,1,82,135,367,334,72,8.28,13.64,37.07,33.74,7.27,178,583,210,19,0,17.98,58.89,21.21,1.92,0
Bagmati,Dhading,Benighat Rorang,NP03,NP0330,NP0330408,3,1189,880,293,6,10,230,424,507,7,21,211,920,5,3,2,10,0,38,462,669,8,0,49,0,0,1,195,38,13,33,909,1,508,503,2,2,45,126,3,0,0,324,858,2,0,3,1,1,1177,2,6,0,4,16,1110,21,11,31,73,1116,216,686,40,744,918,194,437,48,343,76,722,381,48,5,91,117,251,375,355,7.65,9.84,21.11,31.54,29.86,699,262,203,24,1,58.79,22.04,17.07,2.02,0.08
Bagmati,Dhading,Benighat Rorang,NP03,NP0330,NP0330408,5,766,671,82,11,2,102,408,251,3,2,83,668,6,1,1,7,0,0,362,381,0,1,21,0,0,1,86,13,12,5,644,6,205,482,3,0,21,55,0,0,0,205,552,8,0,0,0,1,748,9,3,0,6,12,226,518,5,5,23,743,221,407,43,585,632,97,223,21,179,85,448,285,31,2,43,52,216,296,159,5.61,6.79,28.2,38.64,20.76,274,390,94,7,1,35.77,50.91,12.27,0.91,0.13
Bagmati,Dhading,Benighat Rorang,NP03,NP0330,NP0330408,7,719,578,131,4,6,237,212,258,11,1,216,468,23,0,0,8,0,4,414,275,0,3,25,2,0,0,217,13,0,3,483,3,186,390,3,93,11,27,9,0,0,284,431,4,0,0,0,0,679,23,10,0,7,11,562,135,0,11,24,695,256,464,27,621,593,98,435,22,145,120,439,297,40,1,92,121,71,194,241,12.8,16.83,9.87,26.98,33.52,337,160,201,21,0,46.87,22.25,27.96,2.92,0
Bagmati,Dhading,Benighat Rorang,NP03,NP0330,NP0330408,9,785,701,75,7,2,422,140,216,7,0,419,358,5,1,0,2,0,0,515,258,2,0,9,1,0,0,396,17,11,1,357,3,417,311,0,5,22,29,1,0,0,492,269,0,0,24,0,0,742,22,17,2,2,9,696,68,4,8,118,667,252,372,5,494,411,39,79,13,129,14,298,189,9,2,251,161,98,167,108,31.97,20.51,12.48,21.27,13.76,254,126,387,17,1,32.36,16.05,49.3,2.17,0.13
Bagmati,Dhading,Benighat Rorang,NP03,NP0330,NP0330408,10,1019,986,27,3,3,785,138,91,5,0,775,235,6,2,0,0,0,1,830,138,2,0,47,2,0,0,686,14,7,4,308,0,201,697,1,4,28,82,6,0,0,712,292,6,0,8,0,1,948,58,4,1,8,45,535,381,10,48,165,854,193,360,3,681,508,22,39,8,69,5,114,79,3,3,452,265,161,104,37,44.36,26.01,15.8,10.21,3.63,117,220,627,54,1,11.48,21.59,61.53,5.3,0.1
Bagmati,Dhading,Gajuri,NP03,NP0330,NP0330409,1,1427,977,431,11,8,265,451,690,18,3,235,1171,9,2,0,7,0,3,532,838,2,0,50,2,0,3,218,11,6,22,1162,8,887,427,2,20,11,69,1,6,4,330,1094,0,0,0,2,1,1398,20,3,0,6,13,1279,82,1,52,44,1383,264,818,101,1005,1058,244,589,48,408,113,932,496,47,10,89,112,311,458,457,6.24,7.85,21.79,32.1,32.03,897,337,176,17,0,62.86,23.62,12.33,1.19,0
Bagmati,Dhading,Gajuri,NP03,NP0330,NP0330409,2,1034,855,172,3,4,360,356,294,15,9,349,656,6,6,0,8,0,9,588,367,8,0,63,0,0,8,338,42,1,6,646,1,419,479,4,31,50,8,40,3,0,502,514,2,0,10,3,3,1014,9,5,2,4,18,917,54,19,26,27,1007,389,549,9,826,581,75,213,15,216,24,448,283,30,1,213,126,253,253,189,20.6,12.19,24.47,24.47,18.28,392,301,316,18,7,37.91,29.11,30.56,1.74,0.68
Bagmati,Dhading,Gajuri,NP03,NP0330,NP0330409,5,955,899,56,0,0,365,403,157,22,8,333,555,11,4,0,17,0,35,541,273,3,1,137,0,0,0,311,6,3,2,628,5,276,616,13,3,10,24,0,12,1,558,383,1,0,13,0,0,930,20,0,0,5,7,724,209,0,15,59,896,397,486,4,734,633,75,292,13,181,21,338,162,17,2,126,185,307,221,116,13.19,19.37,32.15,23.14,12.15,213,420,298,24,0,22.3,43.98,31.2,2.51,0
Bagmati,Dhading,Gajuri,NP03,NP0330,NP0330409,6,1127,1055,65,2,5,415,614,75,21,2,371,719,7,2,2,19,3,4,771,292,2,2,60,0,0,0,328,11,4,7,760,17,496,442,5,17,17,139,3,8,0,643,477,4,0,3,0,0,936,181,1,1,8,10,979,73,4,61,148,979,419,604,45,859,682,40,455,27,119,71,284,97,0,1,189,144,326,352,116,16.77,12.78,28.93,31.23,10.29,350,426,290,61,0,31.06,37.8,25.73,5.41,0
Bagmati,Dhading,Galchhi,NP03,NP0330,NP0330410,1,879,869,5,1,4,484,191,189,13,2,416,445,9,1,0,8,0,0,648,176,3,0,51,0,0,1,278,7,19,0,561,14,386,300,1,1,22,162,3,0,4,564,291,3,0,20,1,0,861,11,2,0,5,17,439,391,6,26,30,849,264,533,7,770,630,31,269,8,135,17,379,162,1,3,163,218,209,187,102,18.54,24.8,23.78,21.27,11.6,194,280,338,65,2,22.07,31.85,38.45,7.39,0.23
Bagmati,Dhading,Galchhi,NP03,NP0330,NP0330410,2,782,774,5,1,2,346,302,125,6,3,354,417,7,2,0,1,0,1,602,156,1,0,22,1,0,0,229,21,7,2,518,5,419,272,1,2,4,83,1,0,0,572,205,1,0,4,0,0,755,24,2,0,1,4,736,22,4,16,24,758,279,393,5,694,391,31,248,2,89,68,232,83,0,2,116,181,267,152,66,14.83,23.15,34.14,19.44,8.44,158,365,250,9,0,20.2,46.68,31.97,1.15,0
Bagmati,Dhading,Galchhi,NP03,NP0330,NP0330410,4,824,734,85,2,3,302,289,218,13,2,281,496,6,4,1,13,0,23,514,244,4,0,59,0,0,3,236,7,4,3,570,4,573,92,0,0,18,125,16,0,0,447,364,2,0,9,1,1,813,7,3,0,1,33,382,376,11,22,24,800,457,462,40,692,522,70,360,32,206,41,327,187,13,2,136,117,238,182,151,16.5,14.2,28.88,22.09,18.33,200,336,222,66,0,24.27,40.78,26.94,8.01,0
Bagmati,Dhading,Galchhi,NP03,NP0330,NP0330410,6,725,574,141,1,9,135,389,166,25,10,117,555,3,0,0,44,0,6,293,402,2,0,26,2,0,0,118,13,11,21,555,7,292,334,31,11,34,15,0,0,8,218,506,0,1,0,0,0,715,8,0,0,2,84,577,47,0,17,20,705,573,486,66,602,526,128,355,40,256,55,510,226,36,3,50,70,150,217,238,6.9,9.66,20.69,29.93,32.83,401,191,116,17,0,55.31,26.34,16,2.34,0
Bagmati,Dhading,Galchhi,NP03,NP0330,NP0330410,8,809,775,30,1,3,223,505,70,11,0,223,576,1,1,0,8,0,0,629,177,1,2,0,0,0,0,197,18,12,5,572,5,14,369,2,4,127,292,0,0,1,654,150,1,0,4,0,0,775,31,0,1,2,4,329,445,19,12,36,773,575,339,6,724,389,22,191,5,130,3,149,62,3,2,118,168,351,134,38,14.59,20.77,43.39,16.56,4.7,66,379,257,107,0,8.16,46.85,31.77,13.23,0
Bagmati,Nuwakot,Bidur,NP03,NP0328,NP0328301,1,670,552,109,1,8,144,243,211,51,21,89,504,2,1,0,71,0,3,314,339,0,12,4,1,0,0,133,8,9,17,494,9,371,207,0,2,2,72,13,2,1,176,491,3,0,0,0,0,667,1,2,0,0,76,401,163,17,13,14,656,251,484,100,416,494,176,318,50,252,96,523,356,42,13,35,84,124,174,253,5.22,12.54,18.51,25.97,37.76,330,209,69,59,3,49.25,31.19,10.3,8.81,0.45
Bagmati,Nuwakot,Bidur,NP03,NP0328,NP0328301,3,1272,1264,7,1,0,245,558,460,8,1,150,1098,4,1,4,14,1,0,713,545,3,3,7,1,0,0,158,9,10,6,1080,9,523,356,0,65,38,282,7,1,0,614,621,2,5,27,3,0,1260,6,6,0,0,8,837,410,2,15,21,1251,939,797,11,1131,948,102,541,20,284,82,755,301,8,2,51,123,467,420,211,4.01,9.67,36.71,33.02,16.59,351,698,210,13,0,27.59,54.87,16.51,1.02,0
Bagmati,Nuwakot,Bidur,NP03,NP0328,NP0328301,4,1732,1126,561,31,14,63,503,1104,38,24,54,1605,4,6,6,47,0,10,308,1411,3,7,2,1,0,0,75,21,25,61,1531,19,1185,301,0,2,3,204,0,36,1,79,1645,7,0,1,0,0,1725,6,1,0,0,30,1057,627,9,9,16,1716,711,1245,234,1298,1616,586,1255,113,876,247,1483,1025,139,54,12,51,166,573,930,0.69,2.94,9.58,33.08,53.7,1161,471,88,12,0,67.03,27.19,5.08,0.69,0
Bagmati,Nuwakot,Bidur,NP03,NP0328,NP0328301,5,1437,1360,71,4,2,243,793,372,18,11,58,1317,13,0,0,30,0,19,591,839,2,1,4,0,0,0,81,11,12,17,1304,12,878,488,0,10,23,11,0,25,2,359,1055,0,0,21,1,1,1435,1,1,0,0,5,1259,164,0,9,32,1405,546,1031,67,1239,1200,262,767,50,532,236,1092,663,31,13,26,52,307,522,530,1.81,3.62,21.36,36.33,36.88,823,532,77,5,0,57.27,37.02,5.36,0.35,0
Bagmati,Nuwakot,Bidur,NP03,NP0328,NP0328301,6,946,882,43,20,1,102,619,218,5,2,55,875,0,0,0,16,0,0,429,517,0,0,0,0,0,0,57,8,8,5,867,1,473,307,0,57,12,97,0,0,0,300,621,13,0,12,0,0,939,3,4,0,0,1,931,2,0,12,29,917,368,677,16,664,754,151,601,26,370,185,743,424,14,7,20,32,222,284,388,2.11,3.38,23.47,30.02,41.01,504,385,48,9,0,53.28,40.7,5.07,0.95,0
Bagmati,Nuwakot,Bidur,NP03,NP0328,NP0328301,7,1057,1019,28,7,3,353,417,265,12,10,345,673,0,0,1,37,0,1,800,248,0,0,9,0,0,0,275,21,5,2,751,3,242,758,0,0,12,42,0,0,3,661,388,0,0,8,0,0,1056,1,0,0,0,9,1029,12,1,6,41,1016,550,738,34,863,794,161,595,24,245,56,451,267,8,2,72,154,319,277,235,6.81,14.57,30.18,26.21,22.23,327,438,282,10,0,30.94,41.44,26.68,0.95,0
Bagmati,Nuwakot,Bidur,NP03,NP0328,NP0328301,9,1903,1447,378,67,11,133,710,1038,16,6,54,1795,6,0,0,45,1,2,782,1105,7,5,4,0,0,0,73,21,9,35,1759,6,770,1047,0,4,9,62,9,1,1,330,1554,7,0,9,0,3,1890,11,1,1,0,12,1800,78,1,12,25,1878,680,1329,71,1284,1674,354,1385,64,675,183,1599,1002,82,20,15,31,255,750,852,0.79,1.63,13.4,39.41,44.77,1374,450,72,7,0,72.2,23.65,3.78,0.37,0
Bagmati,Nuwakot,Bidur,NP03,NP0328,NP0328301,10,869,865,3,1,0,105,601,152,7,4,167,676,2,2,1,20,0,1,557,308,1,0,1,2,0,0,161,11,5,3,686,3,424,370,0,0,3,69,1,2,0,456,412,0,0,1,0,0,868,0,1,0,0,7,826,21,4,11,19,850,384,585,19,754,638,104,519,26,280,44,519,281,9,1,33,97,224,261,254,3.8,11.16,25.78,30.03,29.23,321,439,106,3,0,36.94,50.52,12.2,0.35,0
Bagmati,Nuwakot,Bidur,NP03,NP0328,NP0328301,12,949,935,7,1,6,247,504,189,8,1,230,710,1,0,0,8,0,0,706,236,1,1,5,0,0,0,212,4,3,4,719,7,500,406,0,0,7,36,0,0,0,758,189,0,0,2,0,0,942,6,0,0,1,5,929,7,1,7,50,899,556,591,8,801,674,59,559,14,186,38,334,145,6,3,53,85,383,335,93,5.58,8.96,40.36,35.3,9.8,158,597,191,2,1,16.65,62.91,20.13,0.21,0.11
Bagmati,Nuwakot,Kispang,NP03,NP0328,NP0328402,5,915,894,13,7,1,78,541,277,16,3,81,797,2,1,1,33,0,0,581,333,0,0,1,0,0,0,80,4,1,3,826,1,384,503,0,0,2,26,0,0,0,512,402,0,0,1,0,0,906,5,2,0,2,5,723,174,1,12,53,862,328,499,2,634,611,57,82,11,103,21,310,163,2,4,39,55,430,329,62,4.26,6.01,46.99,35.96,6.78,319,499,90,7,0,34.86,54.54,9.84,0.77,0
Bagmati,Nuwakot,Tarakeshwor,NP03,NP0328,NP0328403,2,589,589,0,0,0,218,265,89,16,1,128,444,2,1,2,12,0,0,451,115,0,0,23,0,0,0,138,6,0,0,444,1,213,358,0,0,10,3,5,0,0,472,116,0,0,1,0,0,584,3,1,0,1,12,568,4,0,5,12,577,282,250,6,516,369,13,212,9,50,40,244,66,0,0,47,93,281,139,29,7.98,15.79,47.71,23.6,4.92,80,387,117,4,1,13.58,65.7,19.86,0.68,0.17
Bagmati,Nuwakot,Tarakeshwor,NP03,NP0328,NP0328403,4,677,668,7,1,1,221,250,193,13,0,203,461,2,0,2,9,0,0,484,188,1,0,4,0,0,0,192,5,3,2,474,1,299,347,0,0,21,9,1,0,0,476,147,1,0,52,0,1,666,8,1,0,2,9,627,34,1,6,24,653,400,325,1,596,400,19,190,9,71,13,217,67,0,0,83,109,267,170,48,12.26,16.1,39.44,25.11,7.09,137,372,165,3,0,20.24,54.95,24.37,0.44,0
Bagmati,Nuwakot,Belkotgadhi,NP03,NP0328,NP0328302,5,826,776,44,4,2,358,249,208,7,4,211,596,2,1,0,14,0,2,551,238,1,0,31,3,0,2,198,22,1,14,580,11,377,348,0,7,18,74,2,0,0,454,356,2,0,14,0,0,817,7,2,0,0,9,506,301,1,9,36,790,328,421,1,729,510,43,147,11,167,47,292,129,2,2,108,137,308,185,88,13.08,16.59,37.29,22.4,10.65,210,398,200,18,0,25.42,48.18,24.21,2.18,0
Bagmati,Nuwakot,Belkotgadhi,NP03,NP0328,NP0328302,7,1090,1044,42,1,3,130,497,459,3,1,131,950,2,0,0,7,0,0,489,592,1,0,8,0,0,0,128,12,8,6,933,3,634,114,0,166,75,98,0,2,1,332,750,1,0,7,0,0,1089,1,0,0,0,24,796,265,0,5,37,1053,427,679,5,863,741,66,233,42,270,77,672,257,5,1,74,58,303,465,190,6.79,5.32,27.8,42.66,17.43,456,512,113,8,1,41.83,46.97,10.37,0.73,0.09
Bagmati,Nuwakot,Belkotgadhi,NP03,NP0328,NP0328302,8,746,738,7,0,1,137,465,136,0,8,137,598,0,0,2,6,0,3,440,290,0,14,1,1,0,0,148,24,21,0,551,2,53,635,0,26,9,21,0,0,2,523,216,0,0,7,0,0,741,2,3,0,0,21,711,6,1,7,19,727,324,476,1,684,522,52,164,8,207,9,201,121,0,0,41,78,336,197,94,5.5,10.46,45.04,26.41,12.6,171,452,114,9,0,22.92,60.59,15.28,1.21,0
Bagmati,Chitawan,Ichchha Kamana,NP03,NP0335,NP0335401,3,822,717,99,5,1,245,352,194,25,6,243,520,22,2,0,12,0,23,564,245,7,0,5,0,0,1,273,7,3,0,535,4,309,446,2,0,4,58,2,0,1,277,541,3,0,1,0,0,801,7,1,0,13,2,423,371,5,21,45,777,278,455,8,697,539,103,265,39,139,70,370,202,9,0,123,128,225,174,172,14.96,15.57,27.37,21.17,20.92,283,270,245,23,1,34.43,32.85,29.81,2.8,0.12
Bagmati,Chitawan,Ichchha Kamana,NP03,NP0335,NP0335401,4,1127,793,323,7,4,158,478,468,22,1,149,955,6,5,0,12,0,0,627,490,3,0,6,1,0,0,167,2,2,4,952,0,695,418,1,1,5,5,1,1,0,265,860,1,0,1,0,0,1113,6,2,0,6,10,1099,5,3,10,27,1100,236,645,42,801,953,161,502,49,257,83,770,456,27,5,42,99,160,467,359,3.73,8.78,14.2,41.44,31.85,813,157,152,5,0,72.14,13.93,13.49,0.44,0
Gandaki,Gorkha,Shahid Lakhan,NP04,NP0436,NP0436408,2,675,607,61,4,3,239,200,230,5,1,246,420,5,0,0,3,0,1,391,279,1,0,4,0,0,0,232,13,2,2,425,1,397,88,0,0,0,187,2,0,1,318,353,4,0,0,0,0,668,6,1,0,0,121,478,73,2,1,15,660,456,479,30,561,536,60,455,20,47,3,172,179,7,0,47,110,175,198,145,6.96,16.3,25.93,29.33,21.48,200,247,220,8,0,29.63,36.59,32.59,1.19,0
Gandaki,Gorkha,Shahid Lakhan,NP04,NP0436,NP0436408,3,865,790,68,1,6,294,398,161,9,3,280,569,5,1,0,10,0,0,482,328,12,1,42,0,0,0,212,25,5,2,618,3,556,228,0,1,3,72,3,0,2,467,386,6,0,4,2,0,824,37,3,1,0,168,566,105,2,24,22,843,301,578,51,580,683,92,285,16,115,13,364,249,46,5,61,146,276,231,151,7.05,16.88,31.91,26.71,17.46,278,369,196,21,1,32.14,42.66,22.66,2.43,0.12
Gandaki,Gorkha,Shahid Lakhan,NP04,NP0436,NP0436408,4,739,709,25,2,3,482,184,57,15,1,421,286,12,8,1,10,0,1,601,54,3,0,80,0,0,1,308,9,0,1,418,3,482,236,0,0,7,12,1,0,1,533,200,1,0,4,0,1,712,18,2,0,7,5,714,12,2,6,23,716,151,411,5,580,542,38,89,12,63,9,178,92,0,2,86,248,257,114,34,11.64,33.56,34.78,15.43,4.6,93,346,295,4,1,12.58,46.82,39.92,0.54,0.14
Gandaki,Gorkha,Shahid Lakhan,NP04,NP0436,NP0436408,5,518,510,6,2,0,332,122,62,2,0,344,170,1,1,0,2,0,0,381,81,2,2,52,0,0,0,248,43,4,1,221,1,264,249,0,0,5,0,0,0,0,439,73,4,0,2,0,0,511,6,0,0,1,12,499,5,2,0,13,505,325,249,0,405,371,22,149,2,56,3,31,47,0,1,72,180,181,75,10,13.9,34.75,34.94,14.48,1.93,38,212,268,0,0,7.34,40.93,51.74,0,0
Gandaki,Gorkha,Shahid Lakhan,NP04,NP0436,NP0436408,6,961,928,30,1,2,607,230,117,6,1,543,398,0,2,4,13,0,1,715,203,0,0,42,0,0,1,459,24,11,5,455,7,464,311,0,3,8,167,6,0,2,658,265,1,0,34,1,2,952,5,2,1,1,13,823,115,3,7,22,939,431,409,5,846,515,37,249,7,61,7,94,99,1,0,238,241,280,154,48,24.77,25.08,29.14,16.02,4.99,147,348,444,22,0,15.3,36.21,46.2,2.29,0
Gandaki,Gorkha,Gandaki,NP04,NP0436,NP0436409,1,620,597,22,1,0,227,263,101,28,1,224,366,15,8,1,5,0,1,449,147,7,1,14,2,0,0,169,19,2,2,412,16,177,75,0,1,17,350,0,0,0,402,203,0,0,11,3,1,561,44,7,0,8,39,539,30,2,10,43,577,162,304,4,548,250,38,93,6,56,8,107,92,0,1,120,96,263,96,45,19.35,15.48,42.42,15.48,7.26,62,322,217,15,4,10,51.94,35,2.42,0.65
Gandaki,Gorkha,Gandaki,NP04,NP0436,NP0436409,2,815,799,13,1,2,465,256,87,6,1,375,417,6,1,0,14,0,2,703,103,0,0,9,0,0,0,182,5,5,1,617,5,199,534,0,0,3,77,1,0,1,641,170,0,0,4,0,0,799,10,1,0,5,18,612,180,0,5,30,785,164,380,4,732,485,23,89,7,53,2,62,43,1,0,116,209,365,106,19,14.23,25.64,44.79,13.01,2.33,55,528,222,10,0,6.75,64.79,27.24,1.23,0
Gandaki,Gorkha,Gandaki,NP04,NP0436,NP0436409,6,797,774,15,5,3,592,200,2,2,1,596,197,2,0,0,2,0,0,760,28,0,0,8,1,0,0,459,5,6,0,314,13,104,632,0,0,10,49,1,0,1,588,205,0,0,2,2,0,788,7,2,0,0,2,781,14,0,0,71,726,140,326,4,584,410,18,20,3,54,1,11,18,1,0,201,298,217,71,10,25.22,37.39,27.23,8.91,1.25,74,310,408,5,0,9.28,38.9,51.19,0.63,0
Gandaki,Gorkha,Gandaki,NP04,NP0436,NP0436409,7,674,660,8,2,4,246,384,40,4,0,216,456,2,0,0,0,0,0,436,225,1,1,11,0,0,0,147,21,11,3,490,2,18,641,0,0,12,0,0,0,3,304,367,0,0,3,0,0,660,12,1,0,1,7,655,8,3,1,27,647,158,433,5,616,475,45,281,6,102,2,394,110,1,0,70,93,163,240,108,10.39,13.8,24.18,35.61,16.02,301,232,141,0,0,44.66,34.42,20.92,0,0
Gandaki,Gorkha,Gandaki,NP04,NP0436,NP0436409,8,853,832,20,0,1,261,512,63,1,16,217,616,3,0,2,1,0,14,428,314,4,1,92,0,0,14,199,40,5,2,579,28,633,185,0,0,16,11,2,0,6,433,384,5,0,29,0,2,842,4,2,0,5,22,607,212,0,12,30,823,155,515,29,720,592,35,165,11,68,16,408,224,4,1,44,155,309,285,60,5.16,18.17,36.23,33.41,7.03,224,424,187,8,10,26.26,49.71,21.92,0.94,1.17
Gandaki,Tanahu,Devghat,NP04,NP0440,NP0440406,4,369,360,6,2,1,306,37,8,18,0,292,35,33,3,0,3,0,3,296,6,52,2,13,0,0,0,282,14,1,3,67,2,10,300,0,0,0,48,10,0,1,321,47,1,0,0,0,0,130,235,1,1,2,2,136,218,1,12,28,341,55,47,7,312,137,2,60,1,10,2,10,0,0,0,225,83,49,9,3,60.98,22.49,13.28,2.44,0.81,6,40,244,77,2,1.63,10.84,66.12,20.87,0.54
Gandaki,Tanahu,Devghat,NP04,NP0440,NP0440406,5,1854,1509,165,149,31,299,1056,397,93,9,120,1457,216,5,36,17,0,3,1305,519,18,1,5,2,0,4,254,14,14,26,1529,17,1109,600,0,13,23,85,5,1,18,509,1333,2,0,9,0,1,1770,52,14,2,16,12,1580,216,6,40,70,1784,612,979,50,1394,1379,197,808,52,557,421,1463,777,51,8,105,118,532,574,525,5.66,6.36,28.69,30.96,28.32,935,642,244,32,1,50.43,34.63,13.16,1.73,0.05
Gandaki,Tanahu,Aanbu Khaireni,NP04,NP0440,NP0440405,4,474,451,21,0,2,397,59,17,0,1,374,92,3,0,3,1,0,1,407,30,11,0,26,0,0,0,326,10,9,4,125,0,96,370,0,0,1,1,1,2,3,353,121,0,0,0,0,0,458,10,4,0,2,9,404,44,3,14,31,443,98,168,7,338,311,30,270,9,32,6,82,39,2,0,112,146,149,42,25,23.63,30.8,31.43,8.86,5.27,39,129,301,5,0,8.23,27.22,63.5,1.05,0
Gandaki,Tanahu,Aanbu Khaireni,NP04,NP0440,NP0440405,5,354,344,9,1,0,303,35,4,11,1,281,46,23,1,0,3,0,0,256,17,58,0,23,0,0,0,275,19,3,0,57,0,7,338,0,0,1,0,8,0,0,316,38,0,0,0,0,0,336,14,1,0,3,5,61,279,0,9,32,322,198,56,2,287,90,0,83,1,5,1,28,17,0,0,216,77,50,11,0,61.02,21.75,14.12,3.11,0,6,52,231,65,0,1.69,14.69,65.25,18.36,0
Gandaki,Nawalparasi East,Gaidakot,NP04,NP0447,NP0447304,2,2483,1284,1172,18,9,70,721,1674,9,9,65,2360,16,0,8,21,1,12,521,1952,5,3,1,1,0,0,50,18,26,195,2185,9,2058,382,21,1,8,8,2,0,3,84,2394,5,0,0,0,0,2466,10,4,0,3,22,1902,540,7,12,26,2457,705,1592,304,1562,2283,961,1834,155,1150,1096,2230,1504,425,84,17,36,214,821,1395,0.68,1.45,8.62,33.06,56.18,2055,351,67,10,0,82.76,14.14,2.7,0.4,0
Gandaki,Nawalparasi East,Gaidakot,NP04,NP0447,NP0447304,3,702,685,11,2,4,63,169,21,445,4,50,196,434,10,4,6,0,2,655,35,5,5,1,1,0,0,445,3,1,1,252,0,38,647,1,1,2,1,0,12,0,579,122,0,0,1,0,0,681,16,2,0,3,7,253,411,1,30,51,651,172,267,14,558,493,31,89,8,179,116,401,142,8,2,271,162,140,70,59,38.6,23.08,19.94,9.97,8.4,73,141,468,20,0,10.4,20.09,66.67,2.85,0
Gandaki,Nawalparasi East,Gaidakot,NP04,NP0447,NP0447304,5,1991,1460,514,9,8,50,579,1358,2,2,21,1961,4,0,1,2,0,2,394,1586,6,1,3,1,0,0,13,7,11,205,1750,5,1629,343,0,12,0,5,0,2,0,36,1942,8,0,5,0,0,1986,5,0,0,0,18,1884,86,1,2,9,1982,1340,1594,201,1311,1740,708,1569,173,1044,1059,1737,1456,449,113,0,6,94,526,1365,0,0.3,4.72,26.42,68.56,1843,137,11,0,0,92.57,6.88,0.55,0,0
Gandaki,Nawalparasi East,Gaidakot,NP04,NP0447,NP0447304,6,908,777,92,29,10,14,596,296,1,1,5,897,4,0,1,1,0,0,606,296,4,0,1,1,0,0,22,4,5,35,833,9,568,275,24,19,11,0,0,0,11,89,811,3,0,4,0,1,904,3,0,0,1,3,696,201,0,8,7,901,596,601,29,724,813,189,626,39,381,698,809,536,71,10,2,13,139,285,469,0.22,1.43,15.31,31.39,51.65,644,242,20,2,0,70.93,26.65,2.2,0.22,0
