adm1_name,adm2_name,adm3_name,adm1_pcode,adm2_pcode,adm3_pcode
Bagmati,Sindhuli,Kamalamai,NP03,NP0320,NP0320301
Bagmati,Sindhuli,Dudhouli,NP03,NP0320,NP0320302
Bagmati,Sindhuli,Hariharpurgaghi,NP03,NP0320,NP0320401
Bagmati,Sindhuli,Marin,NP03,NP0320,NP0320402
Bagmati,Sindhuli,Ghyanglekha,NP03,NP0320,NP0320403
Bagmati,Sindhuli,Sunkoshi,NP03,NP0320,NP0320404
Bagmati,Sindhuli,Golanjor,NP03,NP0320,NP0320405
Bagmati,Sindhuli,Tinpatan,NP03,NP0320,NP0320406
Bagmati,Sindhuli,Phikkal,NP03,NP0320,NP0320407
Bagmati,Ramechhap,Manthali,NP03,NP0321,NP0321301
Bagmati,Ramechhap,Ramechhap,NP03,NP0321,NP0321302
Bagmati,Ramechhap,Sunapati,NP03,NP0321,NP0321401
Bagmati,Ramechhap,Doramba,NP03,NP0321,NP0321402
Bagmati,Ramechhap,Gokulganga,NP03,NP0321,NP0321403
Bagmati,Ramechhap,Umakunda,NP03,NP0321,NP0321404
Bagmati,Ramechhap,Khandadevi,NP03,NP0321,NP0321405
Bagmati,Ramechhap,Likhu Tamakoshi,NP03,NP0321,NP0321406
Bagmati,Dolakha,Bhimeshwor,NP03,NP0322,NP0322301
Bagmati,Dolakha,Jiri,NP03,NP0322,NP0322302
Bagmati,Dolakha,Bigu,NP03,NP0322,NP0322401
Bagmati,Dolakha,Gaurishankar,NP03,NP0322,NP0322402
Bagmati,Dolakha,Kalinchowk,NP03,NP0322,NP0322403
Bagmati,Dolakha,Baiteshwor,NP03,NP0322,NP0322404
Bagmati,Dolakha,Shailung,NP03,NP0322,NP0322405
Bagmati,Dolakha,Melung,NP03,NP0322,NP0322406
Bagmati,Dolakha,Tamakoshi,NP03,NP0322,NP0322407
Bagmati,Sindhupalchok,Melamchi,NP03,NP0323,NP0323301
Bagmati,Sindhupalchok,Choutara Sangachowkgadhi,NP03,NP0323,NP0323302
Bagmati,Sindhupalchok,Bahrabise,NP03,NP0323,NP0323303
Bagmati,Sindhupalchok,Helambu,NP03,NP0323,NP0323401
Bagmati,Sindhupalchok,Panchpokhari Thangpal,NP03,NP0323,NP0323402
Bagmati,Sindhupalchok,Jugal,NP03,NP0323,NP0323403
Bagmati,Sindhupalchok,Bhotekoshi,NP03,NP0323,NP0323404
Bagmati,Sindhupalchok,Indrawoti,NP03,NP0323,NP0323405
Bagmati,Sindhupalchok,Balephi,NP03,NP0323,NP0323406
Bagmati,Sindhupalchok,Sunkoshi,NP03,NP0323,NP0323407
Bagmati,Sindhupalchok,Tripurasundari,NP03,NP0323,NP0323408
Bagmati,Sindhupalchok,Lisankhu Pakhar,NP03,NP0323,NP0323409
Bagmati,Kavrepalanchok,Mandan Deupur,NP03,NP0324,NP0324301
Bagmati,Kavrepalanchok,Banepa,NP03,NP0324,NP0324302
Bagmati,Kavrepalanchok,Dhulikhel,NP03,NP0324,NP0324303
Bagmati,Kavrepalanchok,Panchkhal,NP03,NP0324,NP0324304
Bagmati,Kavrepalanchok,Panauti,NP03,NP0324,NP0324305
Bagmati,Kavrepalanchok,Namobuddha,NP03,NP0324,NP0324306
Bagmati,Kavrepalanchok,Bhumlu,NP03,NP0324,NP0324401
Bagmati,Kavrepalanchok,Chauri Deurali,NP03,NP0324,NP0324402
Bagmati,Kavrepalanchok,Bethanchowk,NP03,NP0324,NP0324403
Bagmati,Kavrepalanchok,Roshi,NP03,NP0324,NP0324404
Bagmati,Kavrepalanchok,Temal,NP03,NP0324,NP0324405
Bagmati,Kavrepalanchok,Khanikhola,NP03,NP0324,NP0324406
Bagmati,Kavrepalanchok,Mahabharat,NP03,NP0324,NP0324407
Bagmati,Lalitpur,Lalitpur,NP03,NP0325,NP0325101
Bagmati,Lalitpur,Godawari,NP03,NP0325,NP0325301
Bagmati,Lalitpur,Mahalaxmi,NP03,NP0325,NP0325302
Bagmati,Lalitpur,Bagmati,NP03,NP0325,NP0325401
Bagmati,Lalitpur,Konjyosom,NP03,NP0325,NP0325402
Bagmati,Lalitpur,Mahankal,NP03,NP0325,NP0325403
Bagmati,Bhaktapur,Madhyapur Thimi,NP03,NP0326,NP0326301
Bagmati,Bhaktapur,Changunarayan,NP03,NP0326,NP0326302
Bagmati,Bhaktapur,Bhaktapur,NP03,NP0326,NP0326303
Bagmati,Bhaktapur,Suryabinayak,NP03,NP0326,NP0326304
Bagmati,Kathmandu,Kathmandu,NP03,NP0327,NP0327101
Bagmati,Kathmandu,Tarakeshwor,NP03,NP0327,NP0327301
Bagmati,Kathmandu,Tokha,NP03,NP0327,NP0327302
Bagmati,Kathmandu,Budhanilkhantha,NP03,NP0327,NP0327303
Bagmati,Kathmandu,Gokarneshwor,NP03,NP0327,NP0327304
Bagmati,Kathmandu,Nagarjun,NP03,NP0327,NP0327305
Bagmati,Kathmandu,Kageshwori Manahara,NP03,NP0327,NP0327306
Bagmati,Kathmandu,Shankharapur,NP03,NP0327,NP0327307
Bagmati,Kathmandu,Chandragiri,NP03,NP0327,NP0327308
Bagmati,Kathmandu,Kirtipur,NP03,NP0327,NP0327309
Bagmati,Kathmandu,Dakshinkali,NP03,NP0327,NP0327310
Bagmati,Nuwakot,Bidur,NP03,NP0328,NP0328301
Bagmati,Nuwakot,Belkotgadhi,NP03,NP0328,NP0328302
Bagmati,Nuwakot,Myagang,NP03,NP0328,NP0328401
Bagmati,Nuwakot,Kispang,NP03,NP0328,NP0328402
Bagmati,Nuwakot,Tarakeshwor,NP03,NP0328,NP0328403
Bagmati,Nuwakot,Suryagadhi,NP03,NP0328,NP0328404
Bagmati,Nuwakot,Tadi,NP03,NP0328,NP0328405
Bagmati,Nuwakot,Likhu,NP03,NP0328,NP0328406
Bagmati,Nuwakot,Panchakanya,NP03,NP0328,NP0328407
Bagmati,Nuwakot,Dupcheshwor,NP03,NP0328,NP0328408
Bagmati,Nuwakot,Kakani,NP03,NP0328,NP0328409
Bagmati,Nuwakot,Shivapuri,NP03,NP0328,NP0328410
Bagmati,Nuwakot,Shivapuri,NP03,NP0328,NP0328596
Bagmati,Nuwakot,Langtang,NP03,NP0328,NP0328597
Bagmati,Rasuwa,Aamachhodingmo,NP03,NP0329,NP0329401
Bagmati,Rasuwa,Gosaikunda,NP03,NP0329,NP0329402
Bagmati,Rasuwa,Uttargaya,NP03,NP0329,NP0329403
Bagmati,Rasuwa,Kalika,NP03,NP0329,NP0329404
Bagmati,Rasuwa,Naukunda,NP03,NP0329,NP0329405
Bagmati,Dhading,Nilkhantha,NP03,NP0330,NP0330301
Bagmati,Dhading,Dhunibenshi,NP03,NP0330,NP0330302
Bagmati,Dhading,Rubi Valley,NP03,NP0330,NP0330401
Bagmati,Dhading,Ganga Jamuna,NP03,NP0330,NP0330402
Bagmati,Dhading,Khaniyabas,NP03,NP0330,NP0330403
Bagmati,Dhading,Tripurasundari,NP03,NP0330,NP0330404
Bagmati,Dhading,Netrawati Dabjong,NP03,NP0330,NP0330405
Bagmati,Dhading,Jwalamukhi,NP03,NP0330,NP0330406
Bagmati,Dhading,Siddhalek,NP03,NP0330,NP0330407
Bagmati,Dhading,Benighat Rorang,NP03,NP0330,NP0330408
Bagmati,Dhading,Gajuri,NP03,NP0330,NP0330409
Bagmati,Dhading,Galchhi,NP03,NP0330,NP0330410
Bagmati,Dhading,Thakre,NP03,NP0330,NP0330411
Bagmati,Makwanpur,Hetauda,NP03,NP0331,NP0331201
Bagmati,Makwanpur,Thaha,NP03,NP0331,NP0331301
Bagmati,Makwanpur,Manahari,NP03,NP0331,NP0331401
Bagmati,Makwanpur,Raksirang,NP03,NP0331,NP0331402
Bagmati,Makwanpur,Kailash,NP03,NP0331,NP0331403
Bagmati,Makwanpur,Bhimphedi,NP03,NP0331,NP0331404
Bagmati,Makwanpur,Indrasarowar,NP03,NP0331,NP0331405
Bagmati,Makwanpur,Makawanpurgadhi,NP03,NP0331,NP0331406
Bagmati,Makwanpur,Bakaiya,NP03,NP0331,NP0331407
Bagmati,Makwanpur,Bagmati,NP03,NP0331,NP0331408
Bagmati,Makwanpur,Parsa,NP03,NP0331,NP0331595
Bagmati,Makwanpur,Chitawan,NP03,NP0331,NP0331597
Bagmati,Chitawan,Bharatpur,NP03,NP0335,NP0335101
Bagmati,Chitawan,Kalika,NP03,NP0335,NP0335301
Bagmati,Chitawan,Ratnanagar,NP03,NP0335,NP0335302
Bagmati,Chitawan,Khairahani,NP03,NP0335,NP0335303
Bagmati,Chitawan,Rapti,NP03,NP0335,NP0335304
Bagmati,Chitawan,Madi,NP03,NP0335,NP0335305
Bagmati,Chitawan,Ichchha Kamana,NP03,NP0335,NP0335401
Bagmati,Chitawan,Chitawan,NP03,NP0335,NP0335597
Gandaki,Gorkha,Palungtar,NP04,NP0436,NP0436301
Gandaki,Gorkha,Gorkha,NP04,NP0436,NP0436302
Gandaki,Gorkha,Chumanubri,NP04,NP0436,NP0436401
Gandaki,Gorkha,Ajirkot,NP04,NP0436,NP0436402
Gandaki,Gorkha,Barpak Sulikot,NP04,NP0436,NP0436403
Gandaki,Gorkha,Dharche,NP04,NP0436,NP0436404
Gandaki,Gorkha,Siranchowk,NP04,NP0436,NP0436405
Gandaki,Gorkha,Aarughat,NP04,NP0436,NP0436406
Gandaki,Gorkha,Bhimsenthapa,NP04,NP0436,NP0436407
Gandaki,Gorkha,Shahid Lakhan,NP04,NP0436,NP0436408
Gandaki,Gorkha,Gandaki,NP04,NP0436,NP0436409
Gandaki,Lamjung,Madhya Nepal,NP04,NP0437,NP0437301
Gandaki,Lamjung,Bensishahar,NP04,NP0437,NP0437302
Gandaki,Lamjung,Sundarbazar,NP04,NP0437,NP0437303
Gandaki,Lamjung,Rainas,NP04,NP0437,NP0437304
Gandaki,Lamjung,Kwhola Sothar,NP04,NP0437,NP0437401
Gandaki,Lamjung,Marshyangdi,NP04,NP0437,NP0437402
Gandaki,Lamjung,Dordi,NP04,NP0437,NP0437403
Gandaki,Lamjung,Dudhapokhari,NP04,NP0437,NP0437404
Gandaki,Manang,Ngisyang,NP04,NP0438,NP0438401
Gandaki,Manang,Narpa Bhumi,NP04,NP0438,NP0438402
Gandaki,Manang,Chame,NP04,NP0438,NP0438403
Gandaki,Manang,Nason,NP04,NP0438,NP0438404
Gandaki,Kaski,Pokhara,NP04,NP0439,NP0439101
Gandaki,Kaski,Annapurna,NP04,NP0439,NP0439401
Gandaki,Kaski,Machhapuchchhre,NP04,NP0439,NP0439402
Gandaki,Kaski,Madi,NP04,NP0439,NP0439403
Gandaki,Kaski,Rupa,NP04,NP0439,NP0439404
Gandaki,Tanahu,Shuklagandaki,NP04,NP0440,NP0440301
Gandaki,Tanahu,Byas,NP04,NP0440,NP0440302
Gandaki,Tanahu,Bhanu,NP04,NP0440,NP0440303
Gandaki,Tanahu,Bhimad,NP04,NP0440,NP0440304
Gandaki,Tanahu,Myagde,NP04,NP0440,NP0440401
Gandaki,Tanahu,Ghiring,NP04,NP0440,NP0440402
Gandaki,Tanahu,Rhishing,NP04,NP0440,NP0440403
Gandaki,Tanahu,Bandipur,NP04,NP0440,NP0440404
Gandaki,Tanahu,Aanbu Khaireni,NP04,NP0440,NP0440405
Gandaki,Tanahu,Devghat,NP04,NP0440,NP0440406
Gandaki,Syangja,Putalibazar,NP04,NP0441,NP0441301
Gandaki,Syangja,Bhirkot,NP04,NP0441,NP0441302
Gandaki,Syangja,Galyang,NP04,NP0441,NP0441303
Gandaki,Syangja,Walling,NP04,NP0441,NP0441304
Gandaki,Syangja,Chapakot,NP04,NP0441,NP0441305
Gandaki,Syangja,Aandhikhola,NP04,NP0441,NP0441401
Gandaki,Syangja,Phedikhola,NP04,NP0441,NP0441402
Gandaki,Syangja,Arjun Choupari,NP04,NP0441,NP0441403
Gandaki,Syangja,Biruwa,NP04,NP0441,NP0441404
Gandaki,Syangja,Harinas,NP04,NP0441,NP0441405
Gandaki,Syangja,Kaligandaki,NP04,NP0441,NP0441406
Gandaki,Parbat,Kushma,NP04,NP0442,NP0442301
Gandaki,Parbat,Phalebas,NP04,NP0442,NP0442302
Gandaki,Parbat,Jaljala,NP04,NP0442,NP0442401
Gandaki,Parbat,Modi,NP04,NP0442,NP0442402
Gandaki,Parbat,Bihadi,NP04,NP0442,NP0442403
Gandaki,Parbat,Mahashila,NP04,NP0442,NP0442404
Gandaki,Parbat,Paiyu,NP04,NP0442,NP0442405
Gandaki,Baglung,Dhorpatan,NP04,NP0443,NP0443301
Gandaki,Baglung,Galkot,NP04,NP0443,NP0443302
Gandaki,Baglung,Baglung,NP04,NP0443,NP0443303
Gandaki,Baglung,Jaimuni,NP04,NP0443,NP0443304
Gandaki,Baglung,Nisikhola,NP04,NP0443,NP0443401
Gandaki,Baglung,Tamankhola,NP04,NP0443,NP0443402
Gandaki,Baglung,Badigad,NP04,NP0443,NP0443403
Gandaki,Baglung,Tarakhola,NP04,NP0443,NP0443404
Gandaki,Baglung,Kathekhola,NP04,NP0443,NP0443405
Gandaki,Baglung,Bareng,NP04,NP0443,NP0443406
Gandaki,Baglung,Dhorpatan,NP04,NP0443,NP0443598
Gandaki,Myagdi,Beni,NP04,NP0444,NP0444301
Gandaki,Myagdi,Dhawalagiri,NP04,NP0444,NP0444401
Gandaki,Myagdi,Raghuganga,NP04,NP0444,NP0444402
Gandaki,Myagdi,Annapurna,NP04,NP0444,NP0444403
Gandaki,Myagdi,Malika,NP04,NP0444,NP0444404
Gandaki,Myagdi,Mangala,NP04,NP0444,NP0444405
Gandaki,Myagdi,Dhorpatan,NP04,NP0444,NP0444598
Gandaki,Mustang,Lomanthang,NP04,NP0445,NP0445401
Gandaki,Mustang,Lo Ghekar Damodarkunda,NP04,NP0445,NP0445402
Gandaki,Mustang,Varagung Muktichhetra,NP04,NP0445,NP0445403
Gandaki,Mustang,Gharpajhong,NP04,NP0445,NP0445404
Gandaki,Mustang,Thasang,NP04,NP0445,NP0445405
Gandaki,Nawalparasi East,Madhya Bindu,NP04,NP0447,NP0447301
Gandaki,Nawalparasi East,Kawasoti,NP04,NP0447,NP0447302
Gandaki,Nawalparasi East,Devchuli,NP04,NP0447,NP0447303
Gandaki,Nawalparasi East,Gaidakot,NP04,NP0447,NP0447304
Gandaki,Nawalparasi East,Baudikali,NP04,NP0447,NP0447401
Gandaki,Nawalparasi East,Bulingtar,NP04,NP0447,NP0447402
Gandaki,Nawalparasi East,Hupsekot,NP04,NP0447,NP0447403
Gandaki,Nawalparasi East,Binayi Tribeni,NP04,NP0447,NP0447404
Gandaki,Nawalparasi East,Chitawan,NP04,NP0447,NP0447597
