district,adm2_pcode,municipality,adm3_pcode,ward,projection_2026_population_total,flash_appeal_affected,rdna_affected,impacted_buildings,average_household_size,population_pc_urban,improved_drinking_water_hhd,no_toilet_public_toilet_hhd,wealth_quintile_poorest_quintile_hhd,wealth_quintile_poorest_quintile_pc,Protection_individuals_reached,Health & Nutrition_individuals_reached,Shelter_individuals_reached,WASH_individuals_reached,Education_individuals_reached,Food Security_individuals_reached,NA_individuals_reached,Logistics_individuals_reached,ETC_individuals_reached,Early Recovery_individuals_reached
Rasuwa,NP0329,Uttargaya,NP0329403,1,1165,1,1,74,4.112627986348123,0,264,96,207,70.65,55,NA,16,NA,NA,796,NA,NA,NA,NA
Rasuwa,NP0329,Uttargaya,NP0329403,2,1233,1,1,131,4.053968253968254,0,278,4,36,11.43,NA,NA,NA,NA,NA,385,NA,345,NA,NA
Rasuwa,NP0329,Uttargaya,NP0329403,3,1080,1,1,NA,3.760135135135135,0,284,5,15,5.07,NA,NA,NA,NA,NA,NA,NA,NA,NA,NA
Rasuwa,NP0329,Uttargaya,NP0329403,4,1986,1,1,45,3.886148007590133,0,505,9,16,3.04,NA,NA,NA,NA,NA,NA,NA,NA,400,NA
Rasuwa,NP0329,Uttargaya,NP0329403,5,2836,1,1,317,3.846763540290621,100,724,3,7,0.92,420,150,417,NA,98,3368,NA,44,NA,400
Rasuwa,NP0329,Gosaikunda,NP0329402,1,822,1,1,117,2.918727915194346,0,137,2,225,79.51,NA,NA,NA,NA,NA,NA,NA,NA,NA,NA
Rasuwa,NP0329,Gosaikunda,NP0329402,2,558,1,1,571,3.374233128834356,0,162,2,5,3.07,22,NA,NA,NA,NA,NA,NA,NA,NA,NA
Rasuwa,NP0329,Gosaikunda,NP0329402,3,495,1,1,33,3.0059171597633134,0,150,18,29,17.16,28,NA,NA,NA,NA,NA,NA,NA,NA,NA
Rasuwa,NP0329,Gosaikunda,NP0329402,5,2518,1,1,322,4.240137221269297,0,537,8,24,4.12,248,NA,NA,NA,NA,546,NA,NA,NA,NA
Rasuwa,NP0329,Gosaikunda,NP0329402,6,3099,0,1,NA,4.126027397260274,0,685,30,65,8.9,31,NA,NA,NA,NA,NA,NA,NA,NA,NA
Rasuwa,NP0329,Aamachhodingmo,NP0329401,1,1455,1,1,10,4.794212218649518,0,290,29,63,20.26,NA,NA,NA,NA,NA,NA,NA,NA,NA,NA
Rasuwa,NP0329,Aamachhodingmo,NP0329401,2,942,0,1,NA,4.091666666666667,0,238,11,50,20.83,NA,NA,NA,NA,NA,NA,NA,NA,NA,NA
Rasuwa,NP0329,Aamachhodingmo,NP0329401,4,1044,0,1,NA,3.6,0,236,8,63,21,NA,NA,NA,NA,NA,NA,NA,NA,NA,NA
Rasuwa,NP0329,Aamachhodingmo,NP0329401,5,1704,0,1,47,3.816414686825054,0,321,24,125,27,NA,NA,NA,NA,NA,NA,NA,NA,NA,NA
Rasuwa,NP0329,Kalika,NP0329404,1,2493,1,1,112,4.200325732899023,0,614,0,210,34.2,NA,NA,NA,NA,NA,NA,NA,NA,NA,NA
Nuwakot,NP0328,Tarakeshwor,NP0328403,2,2020,1,1,4,3.735144312393888,0,571,5,47,7.98,NA,NA,206,NA,NA,NA,NA,NA,NA,NA
Nuwakot,NP0328,Tarakeshwor,NP0328403,4,2157,1,1,39,3.4741506646971936,0,646,7,83,12.26,46,NA,248,NA,NA,NA,NA,NA,NA,NA
Nuwakot,NP0328,Kispang,NP0328402,5,3095,1,1,696,3.7016393442622952,100,887,13,39,4.26,337,249,NA,393,NA,72,NA,NA,NA,NA
Nuwakot,NP0328,Bidur,NP0328301,1,2951,1,1,502,4.3059701492537314,0,580,30,35,5.22,104,34,1205,349.6,NA,NA,NA,NA,NA,NA
Nuwakot,NP0328,Bidur,NP0328301,2,5303,0,1,9,3.8065934065934064,0,816,17,31,2.27,2670,86,624,NA,490,4765,43,NA,NA,NA
Nuwakot,NP0328,Bidur,NP0328301,3,4860,0,1,229,3.785377358490566,0,944,17,51,4.01,411,NA,1455,NA,296,NA,NA,NA,NA,NA
Nuwakot,NP0328,Bidur,NP0328301,4,7076,1,1,298,3.965935334872979,100,1488,18,12,0.69,9473,NA,498,1748,NA,NA,NA,NA,NA,NA
Nuwakot,NP0328,Bidur,NP0328301,5,6280,1,1,382,4.249130132219903,0,1376,9,26,1.81,1934,NA,2841,1687,NA,NA,NA,NA,NA,NA
Nuwakot,NP0328,Bidur,NP0328301,6,3996,0,1,236,4.1405919661733614,0,837,12,20,2.11,90,80,217,197,NA,NA,NA,NA,NA,NA
Nuwakot,NP0328,Bidur,NP0328301,7,4032,0,1,400,3.8098391674550616,0,1000,7,72,6.81,1604,2,2207,2907,NA,900,NA,NA,NA,NA
Nuwakot,NP0328,Bidur,NP0328301,8,3873,0,1,132,3.924742268041237,0,912,11,44,4.54,344,394,NA,2225,NA,NA,NA,NA,NA,NA
Nuwakot,NP0328,Bidur,NP0328301,9,7591,1,1,261,3.853914871255912,0,1821,13,15,0.79,2326,249,625,1736,NA,NA,NA,NA,NA,NA
Nuwakot,NP0328,Bidur,NP0328301,10,3433,1,1,505,3.903337169159954,0,794,15,33,3.8,216,139,1136,NA,NA,NA,NA,NA,NA,NA
Nuwakot,NP0328,Bidur,NP0328301,12,3603,0,1,72,3.782929399367755,100,906,8,53,5.58,NA,NA,NA,NA,NA,NA,NA,NA,NA,NA
Nuwakot,NP0328,Belkotgadhi,NP0328302,5,3160,1,1,38,3.8498789346246975,0,732,10,108,13.08,85,NA,NA,NA,NA,NA,NA,NA,NA,NA
Nuwakot,NP0328,Belkotgadhi,NP0328302,7,4530,1,1,90,4.171559633027523,0,914,5,74,6.79,709,30,738,345,NA,803,NA,NA,NA,NA
Nuwakot,NP0328,Belkotgadhi,NP0328302,8,2817,1,1,84,3.831099195710456,0,714,8,41,5.5,141,100,400,NA,NA,NA,NA,NA,NA,NA
Dhading,NP0330,Galchhi,NP0330410,1,3372,1,1,26,4.054607508532423,0,688,32,163,18.54,NA,NA,NA,NA,NA,NA,NA,NA,NA,NA
Dhading,NP0330,Galchhi,NP0330410,2,2787,1,1,3,3.823529411764706,0,694,20,116,14.83,29,NA,NA,NA,NA,NA,NA,NA,NA,NA
Dhading,NP0330,Galchhi,NP0330410,4,3222,1,1,8,4.163834951456311,0,665,33,136,16.5,32,4,350,NA,77,NA,NA,NA,NA,NA
Dhading,NP0330,Galchhi,NP0330410,6,2691,1,1,14,3.915862068965517,100,668,17,50,6.9,59,7,113,NA,681,NA,NA,NA,NA,NA
Dhading,NP0330,Galchhi,NP0330410,8,2964,1,1,28,3.8726823238566137,0,389,31,118,14.59,NA,NA,408,150,NA,500,NA,NA,NA,NA
Dhading,NP0330,Gajuri,NP0330409,1,5214,1,1,NA,3.730203223545901,100,1336,53,89,6.24,NA,NA,NA,NA,NA,NA,NA,NA,NA,NA
Dhading,NP0330,Gajuri,NP0330409,2,4076,1,1,95,4.0802707930367506,0,933,45,213,20.6,145,NA,NA,NA,NA,NA,NA,NA,NA,NA
Dhading,NP0330,Gajuri,NP0330409,5,3788,1,1,10,4.0806282722513085,0,908,15,126,13.19,57,13,650,200,70,NA,NA,184,NA,NA
Dhading,NP0330,Gajuri,NP0330409,6,4625,1,1,2,4.246672582076309,0,960,65,189,16.77,74,24,NA,56,NA,NA,NA,NA,NA,NA
Dhading,NP0330,Benighat Rorang,NP0330408,3,4532,1,1,553,3.947014297729184,0,1015,42,91,7.65,NA,NA,NA,NA,NA,NA,NA,NA,NA,NA
Dhading,NP0330,Benighat Rorang,NP0330408,5,3049,1,1,30,4.118798955613577,0,690,10,43,5.61,25,NA,NA,NA,NA,NA,NA,NA,NA,NA
Dhading,NP0330,Benighat Rorang,NP0330408,7,2886,1,1,224,4.143254520166899,0,672,11,92,12.8,NA,NA,50,NA,NA,NA,NA,NA,NA,NA
Dhading,NP0330,Benighat Rorang,NP0330408,8,2322,0,1,3,4.879518072289157,0,468,22,309,62.05,NA,NA,NA,NA,NA,NA,NA,NA,NA,NA
Dhading,NP0330,Benighat Rorang,NP0330408,9,3438,1,1,156,4.543949044585987,0,733,12,251,31.97,NA,NA,NA,NA,NA,NA,NA,NA,NA,NA
Dhading,NP0330,Benighat Rorang,NP0330408,10,4652,1,1,71,4.75269872423945,0,903,58,452,44.36,NA,NA,NA,NA,NA,NA,NA,NA,NA,NA
Dhading,NP0330,Siddhalek,NP0330407,3,2337,1,1,NA,3.8196480938416424,0,561,3,223,32.7,NA,NA,NA,NA,NA,NA,NA,NA,NA,NA
Dhading,NP0330,Siddhalek,NP0330407,4,2401,1,1,NA,3.916176470588235,0,669,3,44,6.47,NA,NA,NA,NA,NA,NA,NA,NA,NA,NA
Dhading,NP0330,Siddhalek,NP0330407,6,2700,1,1,118,4.061224489795919,0,549,38,189,25.71,NA,NA,NA,NA,NA,NA,NA,NA,NA,NA
Dhading,NP0330,Siddhalek,NP0330407,7,3731,1,1,110,4.150505050505051,0,843,8,82,8.28,NA,NA,NA,NA,NA,NA,NA,NA,NA,NA
Gorkha,NP0436,Gandaki,NP0436409,1,2038,1,1,84,3.740322580645161,0,253,12,120,19.35,NA,NA,NA,NA,NA,NA,NA,NA,NA,NA
Gorkha,NP0436,Gandaki,NP0436409,2,2742,1,1,NA,3.8355828220858896,0,733,5,116,14.23,NA,NA,NA,NA,NA,NA,NA,NA,NA,NA
Gorkha,NP0436,Gandaki,NP0436409,6,3195,1,1,80,4.48306148055207,0,736,0,201,25.22,NA,NA,NA,NA,NA,NA,NA,NA,NA,NA
Gorkha,NP0436,Gandaki,NP0436409,7,2479,1,1,NA,4.158753709198813,0,659,4,70,10.39,NA,NA,NA,NA,NA,NA,NA,NA,NA,NA
Gorkha,NP0436,Gandaki,NP0436409,8,2937,1,1,84,3.8558030480656504,0,818,12,44,5.16,NA,NA,NA,NA,NA,NA,NA,NA,NA,NA
Tanahu,NP0440,Devghat,NP0440406,4,1370,1,0,NA,3.940379403794038,0,310,13,225,60.98,NA,NA,NA,NA,NA,NA,NA,NA,NA,NA
Tanahu,NP0440,Devghat,NP0440406,5,6347,1,0,NA,3.6612729234088457,0,1722,46,105,5.66,NA,NA,NA,NA,NA,NA,NA,NA,NA,NA
Tanahu,NP0440,Aanbu Khaireni,NP0440405,4,1640,1,0,NA,3.7067510548523206,0,466,17,112,23.63,NA,NA,NA,NA,NA,NA,NA,NA,NA,NA
Tanahu,NP0440,Aanbu Khaireni,NP0440405,5,1402,1,0,NA,4.265536723163842,0,345,9,216,61.02,NA,NA,NA,NA,NA,NA,NA,NA,NA,NA
Gorkha,NP0436,Shahid Lakhan,NP0436408,2,2330,1,0,NA,3.9244444444444446,0,485,3,47,6.96,NA,NA,NA,NA,NA,NA,NA,NA,NA,NA
Gorkha,NP0436,Shahid Lakhan,NP0436408,3,2996,1,1,3,3.987283236994219,0,785,26,61,7.05,NA,NA,NA,NA,NA,NA,NA,NA,NA,NA
Gorkha,NP0436,Shahid Lakhan,NP0436408,4,2310,0,1,12,3.534506089309878,0,718,8,86,11.64,NA,NA,NA,NA,NA,NA,NA,NA,NA,NA
Gorkha,NP0436,Shahid Lakhan,NP0436408,5,1622,1,0,NA,3.5656370656370657,0,513,2,72,13.9,NA,NA,NA,NA,NA,NA,NA,NA,NA,NA
Gorkha,NP0436,Shahid Lakhan,NP0436408,6,2746,1,0,NA,3.262226847034339,0,778,10,238,24.77,NA,NA,NA,NA,NA,NA,NA,NA,NA,NA
Chitawan,NP0335,Ichchha Kamana,NP0335401,3,2678,1,1,80,4.0559610705596105,0,757,26,123,14.96,NA,NA,NA,NA,NA,NA,NA,NA,NA,NA
Chitawan,NP0335,Ichchha Kamana,NP0335401,4,3630,1,1,17,3.996450754214729,0,1115,13,42,3.73,NA,NA,NA,NA,NA,NA,NA,NA,NA,NA
Chitawan,NP0335,Ichchha Kamana,NP0335401,5,3041,0,1,3,4.168327796234773,0,785,24,110,12.18,NA,NA,NA,NA,NA,NA,NA,NA,NA,NA
Chitawan,NP0335,Ichchha Kamana,NP0335401,6,2575,0,1,NA,4.7675111773472425,0,642,71,421,62.74,NA,NA,NA,NA,NA,NA,NA,NA,NA,NA
