province,district,municipality,adm1_pcode,adm2_pcode,adm3_pcode,total_households,home_ownership_owned,home_ownership_rented,home_ownership_institutional,home_ownership_other,foundation_mud,foundation_mud_bonded_bricks_stone,foundation_cement_bonded_bricks_stone,foundation_reinforced_cement_concrete_with_pillars,foundation_wooden_pillars,outer_wall_mud_bonded_bricks_stone,outer_wall_cement_bonded_bricks_stone,outer_wall_wood_planks,outer_wall_bamboo,outer_wall_unbaked_bricks,outer_wall_galvanised_sheet,outer_wall_prefabricated_sheet,outer_wall_other,roof_galvanised_sheet,roof_reinforced_cement_concrete,roof_thatch_straw,roof_tile,roof_stone_slate,roof_wood_planks,roof_mud,roof_other,floor_mud,floor_wooden_plank_bamboo,floor_bricks_stone,floor_ceramic_tile,floor_cemented,floor_other,drinking_water_tap_piped_within_premises,drinking_water_tap_piped_outside_premises,drinking_water_tubewell_handpump,drinking_water_covered_well_kuwa,drinking_water_uncovered_well_kuwa,drinking_water_spout_water,drinking_water_river_stream,drinking_water_jar_bottle,drinking_water_other,cooking_fuel_wood_firewood,cooking_fuel_lpg,cooking_fuel_electricity,cooking_fuel_cowdung,cooking_fuel_biogas,cooking_fuel_kerosene,cooking_fuel_other,lighting_electricity,lighting_solar,lighting_kerosene,lighting_biogas,lighting_other,toilet_flush_public_sewerage,toilet_flush_septic_tank,toilet_pit,toilet_public,toilet_no_toilet,hh_amenities_without,hh_amenities_at_least_one,hh_amenities_radio,hh_amenities_television,hh_amenities_landline,hh_amenities_mobile_phone_ordinary,hh_amenities_mobile_phone_smart,hh_amenities_computer_laptop,hh_amenities_internet,hh_amenities_car_jeep_van,hh_amenities_motorcycle_scooter,hh_amenities_bicycle,hh_amenities_electric_fan,hh_amenities_refridgerator,hh_amenities_washing_machine,hh_amenities_air_conditioner,wealth_quintile_poorest_quintile_count,wealth_quintile_poorer_quintile_count,wealth_quintile_middle_quintile_count,wealth_quintile_richer_quintile_count,wealth_quintile_richest_quintile_count,wealth_quintile_poorest_quintile_pc,wealth_quintile_poorer_quintile_pc,wealth_quintile_middle_quintile_pc,wealth_quintile_richer_quintile_pc,wealth_quintile_richest_quintile_pc,house_quality_most_adequate_count,house_quality_adequate_count,house_quality_moderate_count,house_quality_inadequate_count,house_quality_least_adequate_count,house_quality_most_adequate_pc,house_quality_adequate_pc,house_quality_moderate_pc,house_quality_inadequate_pc,house_quality_least_adequate_pc
Bagmati,Dolakha,Gaurishankar,NP03,NP0322,NP0322402,4399,4353,26,11,9,3241,1041,72,41,4,3309,1024,26,5,1,28,2,4,4127,205,3,4,44,14,0,2,2271,136,171,6,1790,25,2172,1930,0,13,60,209,5,0,10,4246,140,1,0,8,1,3,4307,80,4,2,6,14,3113,1233,3,36,220,4179,2792,1539,64,3840,2429,186,1080,93,220,51,55,86,17,17,1122,1694,1274,249,60,25.51,38.51,28.96,5.66,1.36,36,1643,2672,45,3,0.82,37.35,60.74,1.02,0.07
Bagmati,Dolakha,Bigu,NP03,NP0322,NP0322401,4747,4579,138,24,6,3195,1327,170,46,9,3358,1249,43,5,0,91,0,1,4406,280,4,3,46,5,0,3,2560,106,76,10,1974,21,1816,2678,0,39,47,157,8,0,2,4177,561,2,0,5,2,0,4561,167,3,1,15,28,3337,1336,5,41,510,4237,2220,1520,34,3440,2366,116,455,18,153,23,88,103,6,6,1308,1841,1191,338,69,27.55,38.78,25.09,7.12,1.45,302,1653,2714,75,3,6.36,34.82,57.17,1.58,0.06
Bagmati,Dolakha,Kalinchowk,NP03,NP0322,NP0322403,6151,6018,111,10,12,3997,1807,228,100,19,4026,1903,105,5,0,104,5,3,5616,471,8,2,45,7,0,2,3439,137,44,12,2482,37,2809,2901,0,1,69,355,14,0,2,5522,612,0,0,16,1,0,6008,135,2,0,6,39,5019,1048,8,37,518,5633,3505,2794,55,4809,2812,200,410,28,257,43,168,169,8,1,1654,2233,1777,372,115,26.89,36.3,28.89,6.05,1.87,276,2366,3418,89,2,4.49,38.47,55.57,1.45,0.03
Bagmati,Dolakha,Baiteshwor,NP03,NP0322,NP0322404,5373,5173,164,20,16,1478,3092,709,78,16,1309,3934,52,10,1,62,2,3,4014,1264,3,3,86,1,0,2,730,88,72,24,4414,45,1357,3737,0,9,53,214,2,0,1,4717,649,1,0,5,1,0,5322,38,11,0,2,11,2302,3016,10,34,262,5111,3870,2725,60,4607,2877,443,1001,86,505,66,134,283,14,3,384,980,2955,813,241,7.15,18.24,55,15.13,4.49,381,3811,1136,43,2,7.09,70.93,21.14,0.8,0.04
Bagmati,Dolakha,Jiri,NP03,NP0322,NP0322302,4244,3991,195,45,13,2681,1184,193,163,23,1747,2089,257,3,10,122,4,12,3741,410,7,3,68,14,0,1,933,77,21,5,3175,33,2512,1424,0,52,167,51,22,1,15,3396,822,3,0,21,2,0,4204,23,8,0,9,5,2615,1537,9,78,193,4051,2660,2208,110,3490,2822,423,880,59,533,65,41,161,33,2,417,1289,1795,531,212,9.83,30.37,42.3,12.51,5,252,2542,1398,51,1,5.94,59.9,32.94,1.2,0.02
Bagmati,Dolakha,Tamakoshi,NP03,NP0322,NP0322407,4485,4398,73,10,4,1604,2582,247,44,8,1516,2912,23,4,1,28,0,1,3839,601,9,9,23,1,0,3,581,58,34,15,3758,39,1102,3018,0,10,75,269,4,0,7,4019,335,2,0,127,2,0,4438,31,5,1,10,4,3043,1406,3,29,227,4258,3308,2488,23,3772,2074,140,1438,28,240,28,226,163,1,3,356,903,2234,897,95,7.94,20.13,49.81,20,2.12,275,3202,981,25,2,6.13,71.39,21.87,0.56,0.04
Bagmati,Dolakha,Melung,NP03,NP0322,NP0322406,4796,4742,41,5,8,3537,961,252,40,6,3315,1426,17,7,2,26,2,1,4293,444,5,23,31,0,0,0,2721,79,27,8,1934,27,1919,2068,0,23,136,590,44,1,15,4563,227,0,0,6,0,0,4724,59,7,0,6,30,3498,1218,17,33,303,4493,2992,2223,24,4111,1913,110,897,29,171,36,94,137,1,2,1480,1571,1440,266,39,30.86,32.76,30.03,5.55,0.81,87,1785,2845,78,1,1.81,37.22,59.32,1.63,0.02
Bagmati,Dolakha,Shailung,NP03,NP0322,NP0322405,5134,5023,95,9,7,3409,1364,297,52,12,3457,1580,31,2,2,58,1,3,4485,553,7,1,84,1,0,3,2715,93,31,9,2270,16,1978,3005,0,6,40,95,7,1,2,4713,412,3,0,5,0,1,5111,6,6,0,11,8,4703,392,11,20,276,4858,3295,2532,56,4202,2337,140,1305,59,292,37,42,93,5,2,1071,1788,1756,426,93,20.86,34.83,34.2,8.3,1.81,274,2149,2687,23,1,5.34,41.86,52.34,0.45,0.02
Bagmati,Dolakha,Bhimeshwor,NP03,NP0322,NP0322301,10164,8612,1444,81,27,2531,4035,3126,398,74,2147,7361,139,13,5,479,2,18,6210,3861,14,12,53,11,0,3,1877,212,50,53,7917,55,4732,4799,0,7,94,493,15,8,16,5957,4044,12,0,144,1,6,10068,68,18,1,9,11,9391,707,4,51,390,9774,6494,6351,345,8122,6225,1305,2785,281,1388,168,377,1120,141,13,688,1476,3892,2793,1315,6.77,14.52,38.29,27.48,12.94,3371,4838,1812,140,3,33.17,47.6,17.83,1.38,0.03
Bagmati,Sindhupalchok,Bhotekoshi,NP03,NP0323,NP0323404,3732,3494,199,32,7,917,1948,554,298,15,800,2331,251,9,3,324,4,10,2585,1060,17,6,40,19,0,5,877,153,23,13,2645,21,700,2642,0,2,59,307,15,0,7,2704,997,4,0,19,6,2,3533,168,17,0,14,8,2495,1112,37,80,512,3220,872,1562,35,2657,2182,125,441,69,345,107,138,221,15,5,465,725,1718,678,146,12.46,19.43,46.03,18.17,3.91,557,2072,908,191,4,14.92,55.52,24.33,5.12,0.11
Bagmati,Sindhupalchok,Jugal,NP03,NP0323,NP0323403,4528,4442,71,6,9,3827,391,282,22,6,3837,658,8,8,1,14,0,2,3976,512,5,0,28,3,0,4,3649,151,48,17,628,35,788,3144,0,5,43,543,5,0,0,4126,365,2,0,34,1,0,4056,468,0,1,3,196,3450,817,49,16,731,3797,1536,1089,211,3165,2401,272,1222,24,186,17,118,104,2,5,1805,1606,792,258,67,39.86,35.47,17.49,5.7,1.48,208,642,3357,320,1,4.59,14.18,74.14,7.07,0.02
Bagmati,Sindhupalchok,Panchpokhari Thangpal,NP03,NP0323,NP0323402,5914,5777,104,21,12,2131,2715,896,152,20,2242,3461,45,6,7,149,1,3,4069,1779,14,6,41,2,0,3,2066,165,61,30,3535,57,3122,1769,0,0,80,919,8,0,16,4685,1151,7,0,54,16,1,5653,233,16,1,11,139,4781,942,15,37,848,5066,2403,2123,19,3934,3092,156,392,18,393,85,240,249,2,2,1191,1099,2676,812,136,20.14,18.58,45.25,13.73,2.3,765,2900,2114,133,2,12.94,49.04,35.75,2.25,0.03
Bagmati,Sindhupalchok,Helambu,NP03,NP0323,NP0323401,4690,4549,112,23,6,2016,1837,651,170,16,1898,2563,29,21,6,169,1,3,3236,1378,28,7,35,2,0,4,1361,179,23,20,3065,42,2725,1753,0,4,129,68,11,0,0,3992,682,4,0,4,8,0,4632,47,8,0,3,21,4013,624,10,22,226,4464,2169,2212,215,3952,2921,134,548,24,442,84,228,203,5,2,622,1139,2147,651,131,13.26,24.29,45.78,13.88,2.79,489,2706,1414,73,8,10.43,57.7,30.15,1.56,0.17
Bagmati,Sindhupalchok,Melamchi,NP03,NP0323,NP0323301,11180,10753,381,15,31,3745,5794,1342,189,110,3498,7306,43,7,12,256,16,42,7653,3375,18,8,105,12,0,9,2978,390,76,42,7581,113,3255,6481,0,77,299,971,62,3,32,8976,2131,10,1,35,26,1,11020,132,22,2,4,101,9360,1526,50,143,805,10375,6370,4667,100,9162,6825,810,2313,144,1537,542,1424,899,31,12,1196,2125,5344,1846,669,10.7,19.01,47.8,16.51,5.98,1513,6340,3134,188,5,13.53,56.71,28.03,1.68,0.04
Bagmati,Sindhupalchok,Indrawoti,NP03,NP0323,NP0323405,6780,6671,85,13,11,2570,3323,751,109,27,2035,4521,30,15,15,144,1,19,4910,1779,8,5,71,6,0,1,1443,173,45,15,5017,87,2213,3178,0,19,227,1117,24,0,2,5470,1221,5,1,54,27,2,6652,103,16,1,8,38,5670,935,11,126,517,6263,3139,2569,30,5521,3560,204,1388,43,651,135,785,303,2,3,740,1377,3429,1043,191,10.91,20.31,50.58,15.38,2.82,681,4284,1696,118,1,10.04,63.19,25.01,1.74,0.01
Bagmati,Sindhupalchok,Choutara Sangachowkgadhi,NP03,NP0323,NP0323302,11590,11217,280,70,23,4347,4519,2487,168,69,4152,7089,49,16,8,242,1,33,7298,4166,15,8,84,13,0,6,3236,255,112,119,7746,122,3518,6623,0,52,203,1127,10,0,57,8839,2693,15,4,30,4,5,11452,107,22,0,9,63,9541,1896,18,72,785,10805,5885,5874,202,9310,6588,1251,2896,225,1517,231,1895,1487,70,12,1615,2217,4473,2255,1030,13.93,19.13,38.59,19.46,8.89,1948,6029,3471,138,4,16.81,52.02,29.95,1.19,0.03
Bagmati,Sindhupalchok,Balephi,NP03,NP0323,NP0323406,4829,4647,156,19,7,2124,1686,967,42,10,2074,2653,17,5,3,75,1,1,3434,1341,11,3,38,2,0,0,1516,136,76,23,3056,22,1065,3494,0,1,36,198,2,31,2,3469,1315,4,0,41,0,0,4776,44,5,0,4,12,3712,1091,1,13,319,4510,2272,2411,127,3874,2299,310,1228,114,583,87,1057,792,43,4,896,1029,1521,876,507,18.55,21.31,31.5,18.14,10.5,977,2114,1708,30,0,20.23,43.78,35.37,0.62,0
Bagmati,Sindhupalchok,Bahrabise,NP03,NP0323,NP0323303,6655,6304,276,43,32,2571,2894,965,187,38,2551,3792,63,7,16,216,4,6,4508,2091,11,6,21,11,0,7,2217,153,92,29,4092,72,2043,3777,0,4,43,738,45,2,3,5021,1617,5,0,9,3,0,6551,87,9,0,8,264,5857,494,12,28,666,5989,1527,3117,156,5034,3824,268,379,108,578,86,801,716,46,5,1116,1521,2471,1150,397,16.77,22.85,37.13,17.28,5.97,1281,2994,2244,133,3,19.25,44.99,33.72,2,0.05
Bagmati,Sindhupalchok,Tripurasundari,NP03,NP0323,NP0323408,3651,3586,54,6,5,1666,1273,627,73,12,1768,1770,8,5,0,95,1,4,2728,911,4,0,8,0,0,0,1735,73,45,10,1777,11,1255,2120,0,1,19,246,4,2,4,3255,393,1,0,1,1,0,3570,57,18,1,5,2,3336,282,0,31,407,3244,1916,1477,16,2713,1452,80,141,28,154,20,131,154,3,1,816,1071,1321,389,54,22.35,29.33,36.18,10.65,1.48,295,1653,1639,63,1,8.08,45.28,44.89,1.73,0.03
Bagmati,Sindhupalchok,Lisankhu Pakhar,NP03,NP0323,NP0323409,3697,3617,71,6,3,1455,1492,674,60,16,1271,2335,28,3,1,53,1,5,2414,1243,5,7,23,3,0,2,1117,80,34,13,2439,14,1273,2337,20,0,24,40,0,0,3,3178,513,5,0,1,0,0,3674,18,4,0,1,5,3429,230,4,29,324,3373,1257,1516,23,3093,1617,165,211,40,305,29,47,149,20,5,607,772,1807,389,122,16.42,20.88,48.88,10.52,3.3,397,2228,1052,20,0,10.74,60.27,28.46,0.54,0
Bagmati,Sindhupalchok,Sunkoshi,NP03,NP0323,NP0323407,4451,4393,50,5,3,1482,2298,618,36,17,1320,3042,17,7,4,58,0,3,3056,1344,9,3,32,3,0,4,1002,126,13,21,3270,19,1133,2965,0,18,90,224,19,0,2,3867,575,3,0,2,4,0,4414,24,6,0,7,15,3761,653,5,17,296,4155,2117,2367,47,3587,2304,285,251,49,429,18,604,569,9,2,466,826,2310,679,170,10.47,18.56,51.9,15.25,3.82,403,3006,1000,40,2,9.05,67.54,22.47,0.9,0.04
Bagmati,Rasuwa,Gosaikunda,NP03,NP0329,NP0329402,2038,1792,143,67,36,529,723,499,260,27,383,1149,261,14,10,201,8,12,1294,678,17,15,11,19,0,4,510,339,20,28,1132,9,1080,699,0,2,15,196,24,0,22,814,1211,13,0,0,0,0,1951,47,35,1,4,11,784,1183,33,27,248,1790,429,1028,313,1540,1348,280,614,167,458,170,255,381,126,73,357,355,518,431,377,17.52,17.42,25.42,21.15,18.5,543,693,590,207,5,26.64,34,28.95,10.16,0.25
Bagmati,Rasuwa,Aamachhodingmo,NP03,NP0329,NP0329401,1664,1619,29,12,4,939,478,137,97,13,758,501,327,7,0,65,0,6,1392,166,3,1,1,97,0,4,342,756,4,0,534,28,308,1127,0,0,1,213,15,0,0,1362,296,0,0,2,2,2,1583,37,3,0,41,25,1419,114,9,97,289,1375,470,570,15,1115,1062,67,353,18,233,10,22,66,4,0,434,525,491,168,46,26.08,31.55,29.51,10.1,2.76,132,550,878,99,5,7.93,33.05,52.76,5.95,0.3
Bagmati,Rasuwa,Uttargaya,NP03,NP0329,NP0329403,2188,2160,22,3,3,488,1329,333,35,3,461,1504,10,6,4,203,0,0,1560,615,5,0,3,4,0,1,402,39,16,5,1714,12,779,1270,0,6,25,101,5,0,2,1336,835,3,0,13,1,0,2118,59,4,1,6,1,1445,625,1,116,100,2088,738,1028,19,1857,1343,168,679,26,305,44,417,286,8,2,281,253,802,609,243,12.84,11.56,36.65,27.83,11.11,536,1110,483,59,0,24.5,50.73,22.07,2.7,0
Bagmati,Rasuwa,Kalika,NP03,NP0329,NP0329404,2447,2409,33,4,1,595,1288,546,14,4,584,1820,9,1,0,32,0,1,1524,906,3,0,13,0,0,1,576,53,32,6,1775,5,1623,794,0,1,27,0,1,0,1,1665,776,0,0,4,0,2,2416,24,6,0,1,54,2286,98,1,8,130,2317,1028,1058,56,2074,1666,338,747,51,384,71,214,250,9,0,258,318,949,588,334,10.54,13,38.78,24.03,13.65,656,1278,507,6,0,26.81,52.23,20.72,0.25,0
Bagmati,Rasuwa,Naukunda,NP03,NP0329,NP0329405,2794,2772,16,4,2,1891,626,262,15,0,1877,872,4,0,1,40,0,0,2341,440,2,0,10,1,0,0,1646,66,42,11,1024,5,345,2410,0,1,10,27,1,0,0,2388,399,1,0,6,0,0,2767,19,2,2,4,43,1551,1148,15,37,308,2486,966,540,9,2293,1784,47,69,9,131,29,53,47,1,2,895,956,707,214,22,32.03,34.22,25.3,7.66,0.79,175,858,1745,16,0,6.26,30.71,62.46,0.57,0
Bagmati,Dhading,Rubi Valley,NP03,NP0330,NP0330401,2649,2632,6,0,11,1914,726,1,8,0,1895,724,27,0,0,3,0,0,2545,54,3,3,39,4,0,1,1337,736,19,10,541,6,1026,1232,4,3,15,364,1,1,3,2595,50,0,0,3,0,1,2425,224,0,0,0,78,1782,488,4,297,657,1992,196,253,16,1842,1294,11,185,5,22,3,3,5,2,2,1199,782,651,16,1,45.26,29.52,24.58,0.6,0.04,8,656,1883,102,0,0.3,24.76,71.08,3.85,0
Bagmati,Dhading,Khaniyabas,NP03,NP0330,NP0330403,2685,2657,20,4,4,1947,704,26,7,1,2217,455,8,0,0,4,0,1,2564,97,1,2,21,0,0,0,1742,45,3,2,879,14,1305,1363,4,0,8,0,3,1,1,2556,126,1,0,2,0,0,2641,32,6,0,6,63,2523,68,0,31,469,2216,209,830,11,1960,1585,37,66,6,58,1,33,42,0,2,670,1250,657,93,15,24.95,46.55,24.47,3.46,0.56,76,862,1743,3,1,2.83,32.1,64.92,0.11,0.04
Bagmati,Dhading,Ganga Jamuna,NP03,NP0330,NP0330402,5264,5198,52,7,7,3073,2033,115,36,7,3537,1653,21,13,2,27,7,4,4979,253,4,0,23,5,0,0,1447,68,33,16,3678,22,576,3956,7,3,44,662,10,0,6,4491,714,6,0,47,5,1,4964,258,9,1,32,84,1174,3864,10,132,338,4926,2019,2299,46,4385,3018,87,1872,31,158,39,279,158,3,5,795,1880,2007,551,31,15.1,35.71,38.13,10.47,0.59,121,2340,2551,250,2,2.3,44.45,48.46,4.75,0.04
Bagmati,Dhading,Tripurasundari,NP03,NP0330,NP0330404,5947,5797,128,10,12,1807,3316,681,138,5,1565,4143,46,26,3,146,17,1,4294,1583,9,4,51,6,0,0,1052,103,105,23,4644,20,2956,2373,14,2,160,416,24,0,2,3440,2383,33,0,90,1,0,5885,36,8,0,18,173,3370,2338,9,57,250,5697,1695,3918,89,4969,3990,246,1037,78,791,296,2224,1098,28,10,411,971,2414,1652,499,6.91,16.33,40.59,27.78,8.39,1438,3077,1352,78,2,24.18,51.74,22.73,1.31,0.03
Bagmati,Dhading,Netrawati Dabjong,NP03,NP0330,NP0330405,3263,3185,52,5,21,1631,1437,165,23,7,1447,1669,10,4,3,123,0,7,2831,401,4,2,19,3,0,3,836,46,14,17,2332,18,1494,1645,6,2,24,87,0,0,5,2516,741,0,0,4,0,2,3212,37,10,1,3,107,2216,908,3,29,244,3019,998,1552,17,2592,1341,73,70,33,152,17,92,116,2,1,533,879,1404,394,53,16.33,26.94,43.03,12.07,1.62,379,1801,1055,23,5,11.62,55.19,32.33,0.7,0.15
Bagmati,Dhading,Nilkhantha,NP03,NP0330,NP0330301,16391,13979,2220,136,56,5436,6520,4252,142,41,5091,11024,64,12,9,151,13,27,9152,6587,43,8,584,12,0,5,3082,243,168,192,12591,115,7127,6827,79,50,345,1858,58,10,37,7585,8457,33,1,277,29,9,16202,114,33,1,41,162,13038,2940,21,230,781,15610,5338,9357,688,12569,10570,1841,5589,289,2662,652,6396,3252,310,68,1660,2674,4806,4235,3016,10.13,16.31,29.32,25.84,18.4,6164,6450,3472,301,4,37.61,39.35,21.18,1.84,0.02
Bagmati,Dhading,Jwalamukhi,NP03,NP0330,NP0330406,6079,6016,55,4,4,3810,1653,555,56,5,3625,2361,31,15,3,42,0,2,4403,971,12,1,683,8,0,1,2828,106,160,19,2921,45,1848,2352,21,51,164,1536,36,62,9,3749,1955,14,0,343,14,4,5977,76,17,0,9,118,4057,1822,16,66,327,5752,2322,3143,26,4894,3066,190,499,47,611,124,911,331,1,5,1296,1833,1937,876,137,21.32,30.15,31.86,14.41,2.25,733,2211,2585,549,1,12.06,36.37,42.52,9.03,0.02
Bagmati,Dhading,Siddhalek,NP03,NP0330,NP0330407,5836,5758,59,8,11,2903,2409,484,35,5,2606,3106,17,11,8,25,0,63,3548,1389,9,4,878,6,0,2,1803,124,22,18,3787,82,1417,3370,18,54,86,851,37,2,1,3619,2040,17,5,106,47,2,5700,109,14,0,13,54,3317,2381,9,75,285,5551,2608,2667,61,4933,3204,210,1064,66,769,383,1762,691,8,4,1072,1319,1916,1212,317,18.37,22.6,32.83,20.77,5.43,868,2591,2183,193,1,14.87,44.4,37.41,3.31,0.02
Bagmati,Dhading,Benighat Rorang,NP03,NP0330,NP0330408,7601,6864,669,36,32,4141,1935,1355,140,30,4051,3304,117,38,5,41,0,45,5298,1916,118,17,240,8,0,4,3905,161,59,55,3400,21,1738,4640,14,117,243,773,69,2,5,4532,2984,22,0,53,4,6,6506,850,54,4,187,125,5008,2007,41,420,865,6736,2024,2934,134,5470,4217,478,1291,123,1021,309,2238,1297,137,14,2568,1467,1287,1359,920,33.79,19.3,16.93,17.88,12.1,1858,1754,3550,401,38,24.44,23.08,46.7,5.28,0.5
Bagmati,Dhading,Gajuri,NP03,NP0330,NP0330409,6839,6051,748,19,21,2899,2525,1237,154,24,2992,3597,80,21,3,85,3,58,4540,1879,32,6,369,2,0,11,2798,128,19,40,3815,39,2771,3361,28,87,129,378,47,30,8,4078,2712,8,0,30,7,4,5855,905,29,4,46,77,5792,576,30,364,487,6352,2593,2938,164,5358,4034,466,1957,114,1090,253,2177,1102,94,16,1457,1326,1741,1409,906,21.3,19.39,25.46,20.6,13.25,1932,2114,2576,204,13,28.25,30.91,37.67,2.98,0.19
Bagmati,Dhading,Galchhi,NP03,NP0330,NP0330410,5975,5538,394,10,33,2178,2531,1134,112,20,2003,3785,44,9,3,100,0,31,4060,1703,16,4,183,3,0,6,1573,186,75,53,4048,40,2397,2432,49,43,246,774,20,0,14,3706,2202,8,1,52,2,4,5841,114,8,1,11,172,4101,1487,46,169,259,5716,3642,3109,173,5067,3615,441,2140,143,1225,234,2236,1055,79,15,875,1064,1868,1275,893,14.64,17.81,31.26,21.34,14.95,1474,2471,1750,278,2,24.67,41.36,29.29,4.65,0.03
Bagmati,Dhading,Thakre,NP03,NP0330,NP0330411,7847,7166,617,18,46,1881,4445,1208,281,32,1749,5658,47,52,4,296,0,41,4509,3234,11,24,50,7,0,12,1848,216,247,38,5454,44,4176,3403,10,14,80,118,30,5,11,4668,3055,8,1,113,2,0,7730,79,27,2,9,224,4280,3069,162,112,292,7555,2231,4178,99,6209,5102,422,1358,218,1407,319,2455,1108,51,10,988,976,3102,1992,789,12.59,12.44,39.53,25.39,10.05,1971,3973,1690,206,7,25.12,50.63,21.54,2.63,0.09
Bagmati,Dhading,Dhunibenshi,NP03,NP0330,NP0330302,7246,6829,333,49,35,1543,3709,1483,419,92,1330,5257,31,19,40,527,5,37,4161,3025,9,1,31,10,0,9,1767,91,80,69,5164,75,3493,2157,15,89,207,1067,150,59,9,4210,2883,13,1,126,11,2,7125,65,44,0,12,60,2484,4339,69,294,308,6938,1511,4381,121,5862,5005,542,3403,156,1584,265,1702,1294,69,12,851,857,2383,2280,875,11.74,11.83,32.89,31.47,12.08,1293,3645,1781,512,15,17.84,50.3,24.58,7.07,0.21
Bagmati,Nuwakot,Dupcheshwor,NP03,NP0328,NP0328408,5141,5020,102,11,8,3644,1305,151,31,10,3663,1420,3,4,1,47,0,3,4743,388,3,1,4,1,0,1,3718,141,15,20,1224,23,1253,3504,0,1,91,281,0,4,7,4614,514,7,0,4,2,0,4992,134,9,0,6,200,3335,1478,59,69,834,4307,1356,966,36,3793,2598,134,1269,55,210,37,161,131,12,3,2104,1461,1120,355,101,40.93,28.42,21.79,6.91,1.96,272,1264,3370,232,3,5.29,24.59,65.55,4.51,0.06
Bagmati,Nuwakot,Tadi,NP03,NP0328,NP0328405,4024,3877,106,9,32,1852,1632,435,87,18,1869,1980,23,16,1,81,5,49,3250,731,5,0,35,1,0,2,1900,79,17,38,1972,18,910,2584,0,1,20,488,13,0,8,3181,824,3,0,15,1,0,3773,196,19,2,34,130,3377,392,16,109,482,3542,1633,1315,16,3033,1980,135,980,26,364,32,602,270,8,4,1072,871,1242,594,245,26.64,21.65,30.86,14.76,6.09,516,1664,1719,123,2,12.82,41.35,42.72,3.06,0.05
Bagmati,Nuwakot,Suryagadhi,NP03,NP0328,NP0328404,3829,3795,28,3,3,1374,2104,307,37,7,1094,2673,9,6,2,40,0,5,3150,651,4,1,22,1,0,0,855,67,123,4,2735,45,540,2339,0,16,32,897,3,0,2,2670,1151,6,0,1,1,0,3771,32,18,1,7,28,3106,586,38,71,282,3547,2684,1887,97,3130,2132,129,532,10,480,61,488,215,5,2,427,654,1816,743,189,11.15,17.08,47.43,19.4,4.94,535,2215,1033,46,0,13.97,57.85,26.98,1.2,0
Bagmati,Nuwakot,Bidur,NP03,NP0328,NP0328301,15234,13498,1522,143,71,3000,7086,4860,190,98,2324,12415,41,15,14,357,3,65,8151,6950,27,32,66,7,0,1,2050,161,106,232,12602,83,7098,6156,0,179,184,1488,32,81,16,6232,8840,35,5,112,5,5,15155,48,28,1,2,198,12513,2357,41,125,387,14847,7039,10289,710,11970,11886,2535,8716,500,4800,1548,9515,5678,451,129,660,1239,3888,4792,4655,4.33,8.13,25.52,31.46,30.56,6360,6648,2057,164,5,41.75,43.64,13.5,1.08,0.03
Bagmati,Nuwakot,Kispang,NP03,NP0328,NP0328402,3929,3819,74,17,19,1304,1933,658,30,4,1208,2655,9,2,1,53,0,1,2954,965,2,2,6,0,0,0,1034,61,36,23,2754,21,1215,2366,0,1,38,299,4,1,5,2925,992,0,0,10,2,0,3893,29,4,1,2,101,2825,958,2,43,410,3519,1151,1626,12,2570,2412,164,338,23,301,32,341,213,2,5,534,665,1828,796,106,13.59,16.93,46.53,20.26,2.7,728,2090,1078,33,0,18.53,53.19,27.44,0.84,0
Bagmati,Nuwakot,Myagang,NP03,NP0328,NP0328401,3969,3871,84,8,6,2204,1427,322,12,4,2161,1746,17,0,1,37,2,5,3357,597,2,2,11,0,0,0,1719,39,20,11,2167,13,1876,1938,0,9,48,65,25,0,8,3006,959,0,0,4,0,0,3915,33,14,2,5,185,3345,402,9,28,350,3619,1168,1499,19,2726,2413,109,449,45,285,35,77,104,3,1,795,1123,1328,644,79,20.03,28.29,33.46,16.23,1.99,658,1628,1666,17,0,16.58,41.02,41.98,0.43,0
Bagmati,Nuwakot,Tarakeshwor,NP03,NP0328,NP0328403,3879,3836,34,7,2,2007,1415,417,38,2,1763,2070,10,1,6,29,0,0,2743,864,3,4,263,2,0,0,1586,33,9,8,2236,7,1042,2574,0,5,55,115,82,0,6,2949,847,1,0,80,0,2,3824,37,7,0,11,247,3118,443,2,69,233,3646,1726,1585,16,3258,2070,91,1078,29,355,83,730,199,2,3,738,858,1441,710,132,19.03,22.12,37.15,18.3,3.4,570,1745,1546,17,1,14.69,44.99,39.86,0.44,0.03
Bagmati,Nuwakot,Belkotgadhi,NP03,NP0328,NP0328302,9222,8995,156,20,51,3140,4715,1246,91,30,2842,6223,19,8,4,113,6,7,6945,2171,14,19,61,7,0,5,2441,191,165,51,6315,59,2397,5771,0,264,362,381,30,3,14,6760,2407,8,0,42,3,2,9149,44,22,0,7,149,7094,1803,42,134,396,8826,4215,4800,26,8088,5465,362,1243,105,1624,212,2101,843,12,5,1190,1557,4013,1841,621,12.9,16.88,43.52,19.96,6.73,1550,5119,2438,112,3,16.81,55.51,26.44,1.21,0.03
Bagmati,Nuwakot,Likhu,NP03,NP0328,NP0328406,4582,4338,204,20,20,1223,2338,945,49,27,842,3629,18,1,7,80,1,4,2695,1840,13,3,28,3,0,0,862,92,227,19,3353,29,1165,1907,0,316,364,821,4,1,4,2437,2028,11,19,85,2,0,4530,25,23,0,4,58,2631,1836,16,41,215,4367,1727,2707,36,3740,3020,333,1190,52,972,322,2546,977,40,9,422,558,1730,1246,626,9.21,12.18,37.76,27.19,13.66,1079,2238,1139,123,3,23.55,48.84,24.86,2.68,0.07
Bagmati,Nuwakot,Panchakanya,NP03,NP0328,NP0328407,3600,3476,53,7,64,1710,1265,583,36,6,1526,2028,9,7,2,22,2,4,2663,820,2,3,111,1,0,0,1402,62,15,21,2081,19,1269,1906,0,13,104,262,26,13,7,2597,975,4,0,22,2,0,3525,45,22,1,7,58,2920,487,9,126,117,3483,1747,1694,15,3177,2187,161,1347,56,522,150,758,265,8,5,504,719,1418,766,193,14,19.97,39.39,21.28,5.36,575,1682,1294,49,0,15.97,46.72,35.94,1.36,0
Bagmati,Nuwakot,Shivapuri,NP03,NP0328,NP0328410,4925,4716,93,9,107,2554,2086,235,39,11,3124,1735,12,9,0,40,2,3,4327,571,8,3,14,2,0,0,2699,114,18,11,2061,22,2829,1917,0,17,52,99,9,1,1,4403,514,2,0,5,0,1,4869,38,14,0,4,386,1947,2546,7,39,339,4586,2172,2080,27,3819,2446,98,651,28,465,33,442,240,0,0,1268,1598,1546,429,84,25.75,32.45,31.39,8.71,1.71,143,1970,2763,49,0,2.9,40,56.1,0.99,0
Bagmati,Nuwakot,Shivapuri,NP03,NP0328,NP0328596,4925,4716,93,9,107,2554,2086,235,39,11,3124,1735,12,9,0,40,2,3,4327,571,8,3,14,2,0,0,2699,114,18,11,2061,22,2829,1917,0,17,52,99,9,1,1,4403,514,2,0,5,0,1,4869,38,14,0,4,386,1947,2546,7,39,339,4586,2172,2080,27,3819,2446,98,651,28,465,33,442,240,0,0,1268,1598,1546,429,84,25.75,32.45,31.39,8.71,1.71,143,1970,2763,49,0,2.9,40,56.1,0.99,0
Bagmati,Nuwakot,Kakani,NP03,NP0328,NP0328409,6312,6097,168,21,26,2063,2797,1230,188,34,1857,4181,39,15,7,202,7,4,4001,2258,10,2,36,3,0,2,1868,134,67,18,4198,27,2505,3199,0,43,148,372,39,2,4,3978,2314,2,0,15,1,2,6209,61,31,0,11,391,3918,1748,37,218,355,5957,2196,3457,52,4950,4265,385,1940,159,1323,146,558,554,44,5,634,1098,2366,1637,577,10.04,17.4,37.48,25.93,9.14,1511,3023,1609,165,4,23.94,47.89,25.49,2.61,0.06
Bagmati,Kathmandu,Shankharapur,NP03,NP0327,NP0327307,7140,5871,1219,21,29,1441,2673,2383,534,109,1195,5016,71,13,27,777,5,36,3421,3647,15,27,23,5,0,2,1778,123,65,199,4935,40,2443,3115,98,334,190,876,0,78,6,1892,5199,15,0,16,17,1,7050,74,10,0,6,932,4003,2076,20,109,216,6924,2379,4749,295,5530,5992,1295,3869,300,2717,512,2086,2187,252,18,376,874,1676,2129,2085,5.27,12.24,23.47,29.82,29.2,2923,2372,1533,306,6,40.94,33.22,21.47,4.29,0.08
Bagmati,Kathmandu,Kageshwori Manahara,NP03,NP0327,NP0327306,33764,18583,14860,171,150,1536,8436,22098,1244,450,970,30437,159,61,55,1950,31,101,5022,28476,46,93,75,33,0,19,2089,446,181,4377,26335,336,9681,2851,2164,1908,909,1922,0,14007,322,1059,32386,283,2,18,9,7,33557,178,7,3,19,13170,16936,3567,31,60,358,33406,8226,24289,3028,20333,31474,14834,26260,3128,17337,4697,16008,16596,4944,426,173,934,3304,10271,19082,0.51,2.77,9.79,30.42,56.52,25757,5639,1970,397,1,76.29,16.7,5.83,1.18,0
Bagmati,Kathmandu,Gokarneshwor,NP03,NP0327,NP0327304,39771,15374,23707,465,225,1463,12758,24092,1048,410,1073,36548,103,90,83,1676,44,154,6168,33185,102,55,193,41,0,27,1715,637,309,3651,33252,207,11295,3842,1830,1204,585,1279,0,19553,183,1189,38375,139,1,33,18,16,39574,190,2,0,5,25682,9789,4059,174,67,387,39384,6370,25959,3188,21076,36874,13249,27897,2590,15896,4129,15655,16208,3528,248,135,858,4228,16381,18169,0.34,2.16,10.63,41.19,45.68,33042,4828,1646,250,5,83.08,12.14,4.14,0.63,0.01
Bagmati,Kathmandu,Budhanilkhantha,NP03,NP0327,NP0327303,46930,21947,24346,339,298,1373,13159,30576,1401,421,967,43348,166,187,91,1989,78,104,6517,39844,135,146,172,77,0,39,1818,566,491,4540,39160,355,20484,4084,1562,2718,1170,1512,0,14937,463,1347,45200,273,5,74,9,22,46606,310,8,0,6,30389,12366,4079,38,58,506,46424,14759,33507,6294,26884,44522,22822,37509,5279,24066,5652,19970,25471,8744,946,82,765,3676,14135,28272,0.17,1.63,7.83,30.12,60.24,38507,6221,1966,234,2,82.05,13.26,4.19,0.5,0
Bagmati,Kathmandu,Tokha,NP03,NP0327,NP0327302,37025,15109,21525,178,213,697,9833,25707,623,165,693,35189,131,135,32,726,34,85,3515,32963,105,273,120,28,0,21,1119,829,430,3904,30535,208,10763,2284,1751,1166,475,566,0,19623,397,893,35714,199,0,211,2,6,36767,252,3,0,3,30354,3789,2725,81,76,312,36713,8239,24733,4354,19409,34935,17903,28382,4014,17866,4226,14924,17912,6063,739,30,511,2584,12926,20974,0.08,1.38,6.98,34.91,56.65,32790,3275,871,88,1,88.56,8.85,2.35,0.24,0
Bagmati,Kathmandu,Tarakeshwor,NP03,NP0327,NP0327301,41362,18793,22311,51,207,1764,15381,22333,1546,338,1336,37491,70,239,34,2075,35,82,6090,35188,13,22,16,21,0,12,2205,169,1058,2752,35095,83,14775,5551,439,579,542,2319,0,17078,79,603,40127,424,1,196,3,8,41318,19,5,10,10,21771,13831,5622,116,22,206,41156,8191,28686,4205,25705,37668,16743,30392,2418,18561,3001,11385,16202,4214,255,177,1310,3351,15556,20968,0.43,3.17,8.1,37.61,50.69,34220,4539,2090,510,3,82.73,10.97,5.05,1.23,0.01
Bagmati,Kathmandu,Nagarjun,NP03,NP0327,NP0327305,31301,15253,15764,129,155,1029,11928,17331,805,208,828,28993,67,158,53,1024,25,153,4195,27008,7,35,18,13,0,25,1460,76,452,1882,27368,63,19677,4500,37,338,198,519,0,4865,1167,489,30563,229,1,4,5,10,31283,6,5,0,7,21832,7039,2324,89,17,122,31179,8618,23521,5050,18987,28882,15860,24424,3605,17163,3901,12411,16748,6926,650,119,657,2021,8932,19572,0.38,2.1,6.46,28.54,62.53,26672,3154,1305,165,5,85.21,10.08,4.17,0.53,0.02
Bagmati,Kathmandu,Kathmandu,NP03,NP0327,NP0327101,238966,87874,147255,2229,1608,11283,110111,115267,1588,717,10340,224900,382,344,315,2179,148,358,22161,215325,87,415,362,444,0,172,6484,1162,5115,16773,208939,493,114972,11002,6257,3385,1830,1685,0,94535,5300,511,235688,2522,0,0,88,157,238808,74,19,0,65,202119,18644,17444,653,106,1033,237933,74501,177249,60266,146184,225102,129704,191153,28737,117713,30257,124428,124039,55008,7537,210,2748,12783,73387,149838,0.09,1.15,5.35,30.71,62.7,212045,23751,2930,192,48,88.73,9.94,1.23,0.08,0.02
Bagmati,Kathmandu,Kirtipur,NP03,NP0327,NP0327309,24150,10559,13273,264,54,2023,8230,12646,1057,194,1179,21173,30,365,12,1323,20,48,3357,20588,84,58,12,21,0,30,2234,157,316,1199,20224,20,15153,3101,17,67,45,711,0,4679,377,144,23809,184,0,5,2,6,24126,10,10,0,4,12573,8079,3466,31,1,96,24054,5475,14309,4020,14059,22689,13506,19642,1549,11360,2263,7417,9840,4172,195,105,914,1748,9071,12312,0.43,3.78,7.24,37.56,50.98,19404,2934,1390,420,2,80.35,12.15,5.76,1.74,0.01
Bagmati,Kathmandu,Chandragiri,NP03,NP0327,NP0327308,35994,19303,16335,158,198,2280,12735,19449,1235,295,1692,32227,98,340,45,1407,69,116,4923,30787,13,145,32,71,0,23,2537,218,504,2145,30529,61,26003,6661,25,398,259,775,0,1331,542,661,34899,401,2,2,4,25,35962,22,7,0,3,3143,28353,4429,56,13,178,35816,9951,27488,5327,22111,32969,15709,28017,3245,17438,3346,11484,17886,6485,533,205,1228,2895,10851,20815,0.57,3.41,8.04,30.15,57.83,29503,3989,2188,311,3,81.97,11.08,6.08,0.86,0.01
Bagmati,Kathmandu,Dakshinkali,NP03,NP0327,NP0327310,6489,5418,914,129,28,1754,2650,1843,193,49,1506,4681,11,76,1,191,3,20,2168,4114,6,122,70,5,0,4,1672,16,48,140,4606,7,2989,3180,5,19,40,220,0,1,35,1487,4971,25,0,2,0,4,6448,9,10,0,22,644,4032,1752,16,45,118,6371,1366,5062,329,4614,5054,1822,3786,406,2952,510,1872,2739,499,18,426,599,1140,1709,2615,6.56,9.23,17.57,26.34,40.3,3448,1685,1234,117,5,53.14,25.97,19.02,1.8,0.08
Bagmati,Bhaktapur,Changunarayan,NP03,NP0326,NP0326302,21588,16325,4934,125,204,2912,5785,11113,1225,553,2560,16768,119,162,70,1760,42,107,5771,15429,36,244,67,25,0,16,3748,369,168,1105,16002,196,8842,4019,491,1562,822,1616,0,3931,305,2160,19277,104,8,17,9,13,21377,196,5,0,10,1110,17392,2941,65,80,236,21352,5452,15075,1765,14480,19453,7620,14902,1325,10614,2718,8757,9476,1503,77,421,1534,3146,6602,9885,1.95,7.11,14.57,30.58,45.79,12804,5368,2915,498,3,59.31,24.87,13.5,2.31,0.01
Bagmati,Bhaktapur,Bhaktapur,NP03,NP0326,NP0326303,18987,12491,6269,159,68,3131,3270,12145,212,229,2919,15461,64,7,9,500,18,9,4129,14468,37,238,58,28,0,29,3245,798,328,567,13955,94,9782,2204,67,107,261,224,0,5906,436,1254,17557,142,1,21,6,6,18796,185,5,1,0,15906,2401,651,5,24,153,18834,5239,13184,3532,11045,17506,8422,14850,1554,10110,4892,12075,9024,2673,450,69,712,2534,6013,9659,0.36,3.75,13.35,31.67,50.87,13630,4474,852,30,1,71.79,23.56,4.49,0.16,0.01
Bagmati,Bhaktapur,Madhyapur Thimi,NP03,NP0326,NP0326301,31966,15866,15642,279,179,2113,7573,21552,544,184,1895,29084,120,67,41,689,25,45,4201,27195,83,214,196,49,0,28,2181,1073,532,2799,25098,283,14011,2327,1175,2474,932,469,0,10029,549,1480,30081,339,1,33,15,17,31639,310,8,0,9,25290,4296,2280,58,42,213,31753,10806,22111,4415,17119,30154,17074,26021,2939,16472,5338,16769,15785,5941,467,58,632,2921,9834,18521,0.18,1.98,9.14,30.76,57.94,25358,5556,989,54,9,79.33,17.38,3.09,0.17,0.03
Bagmati,Bhaktapur,Suryabinayak,NP03,NP0326,NP0326304,35865,22040,13491,154,180,2362,7364,24541,1226,372,2059,31685,116,114,83,1681,33,94,5190,30109,92,190,189,55,0,40,3844,1008,256,2114,28342,301,21756,3705,461,1828,857,656,0,6133,469,3075,32265,259,2,232,16,16,35549,283,25,0,8,16483,16544,2718,50,70,309,35556,13201,24686,4295,22705,33425,16322,27448,2825,17673,4727,16553,16707,5314,534,288,1368,4025,10981,19203,0.8,3.81,11.22,30.62,53.54,27566,5567,2456,276,0,76.86,15.52,6.85,0.77,0
Bagmati,Lalitpur,Mahalaxmi,NP03,NP0325,NP0325302,32106,18847,12967,116,176,1336,10030,19631,809,300,1040,29532,122,124,25,1126,52,85,3884,27885,75,102,99,33,0,28,1924,631,686,3264,25375,226,7436,2136,257,830,757,269,0,18766,1655,1336,30220,243,3,283,7,14,31759,326,6,4,11,15066,14555,2402,34,49,292,31814,10600,23437,4523,19726,29879,16663,25420,3468,18418,6240,16289,16103,5843,460,154,704,2707,8774,19767,0.48,2.19,8.43,27.33,61.57,25666,4883,1369,180,8,79.94,15.21,4.26,0.56,0.02
Bagmati,Lalitpur,Lalitpur,NP03,NP0325,NP0325101,77159,40067,35357,1048,687,6240,28907,39294,2194,524,5192,68042,388,338,105,2853,41,200,11277,64515,204,398,518,192,0,55,6787,1771,1354,6130,60388,729,34762,6533,570,2374,2058,1871,0,25369,3622,3370,72231,985,2,517,31,23,76478,650,13,8,10,47427,23924,5577,135,96,970,76189,33895,58028,17378,39186,71637,41361,60614,10238,41556,15837,41368,41074,17452,2681,180,2096,8074,19970,46839,0.23,2.72,10.46,25.88,60.7,58287,14353,4058,450,11,75.54,18.6,5.26,0.58,0.01
Bagmati,Lalitpur,Godawari,NP03,NP0325,NP0325301,24045,17835,5724,224,262,4865,9151,7589,2032,408,3941,17197,141,294,59,2295,25,93,7613,16082,64,121,107,40,0,18,5497,557,448,567,16814,162,14633,6841,38,278,462,1558,0,106,129,3484,20428,62,5,60,1,5,23721,283,23,0,18,781,18102,5011,63,88,489,23556,8330,18421,2125,17671,21207,8205,14753,1737,11512,3077,8463,9544,2341,167,776,2496,4275,6309,10189,3.23,10.38,17.78,26.24,42.37,13400,5545,4389,701,10,55.73,23.06,18.25,2.92,0.04
Bagmati,Lalitpur,Konjyosom,NP03,NP0325,NP0325402,2142,2083,48,5,6,1434,594,57,36,21,1534,540,7,0,3,58,0,0,1901,235,1,2,3,0,0,0,1503,35,21,6,566,11,2024,104,0,6,2,5,0,0,1,1614,521,2,0,4,0,1,2121,18,0,0,3,139,1700,287,4,12,111,2031,761,1435,21,1721,1621,110,197,26,607,37,24,101,2,0,299,778,758,233,74,13.96,36.32,35.39,10.88,3.45,205,645,1270,22,0,9.57,30.11,59.29,1.03,0
Bagmati,Lalitpur,Mahankal,NP03,NP0325,NP0325403,1939,1825,99,8,7,1473,405,27,28,6,1486,416,7,6,1,22,0,1,1810,124,1,1,3,0,0,0,1527,61,4,9,336,2,1343,583,0,1,7,2,0,1,2,1564,342,2,0,31,0,0,1886,44,2,0,7,83,1412,436,0,8,117,1822,712,1140,32,1756,1261,112,295,18,462,4,28,63,4,2,359,753,642,141,44,18.51,38.83,33.11,7.27,2.27,85,557,1289,8,0,4.38,28.73,66.48,0.41,0
Bagmati,Lalitpur,Bagmati,NP03,NP0325,NP0325401,2739,2632,84,11,12,2118,529,47,36,9,2034,650,10,6,0,39,0,0,2453,272,3,2,7,2,0,0,1909,77,9,3,737,4,1823,687,3,2,54,170,0,0,0,2275,446,2,8,6,2,0,2675,51,10,0,3,138,1047,1509,11,34,193,2546,820,1258,14,2276,1491,75,218,33,368,21,133,121,5,2,964,946,598,187,44,35.2,34.54,21.83,6.83,1.61,86,693,1861,99,0,3.14,25.3,67.94,3.61,0
Bagmati,Kavrepalanchok,Chauri Deurali,NP03,NP0324,NP0324402,4156,4060,67,25,4,3466,485,178,20,7,3654,476,7,1,0,15,3,0,3760,199,16,149,29,0,0,3,3489,98,5,10,532,22,2492,1341,3,23,73,194,15,0,15,3805,336,6,0,5,3,1,4112,38,3,1,2,232,3736,133,3,52,327,3829,1757,1440,19,3449,1875,72,580,18,213,6,154,59,1,2,1562,1689,751,130,24,37.58,40.64,18.07,3.13,0.58,110,732,3255,59,0,2.65,17.61,78.32,1.42,0
Bagmati,Kavrepalanchok,Bhumlu,NP03,NP0324,NP0324401,4518,4369,121,21,7,2919,1305,226,43,25,3234,1201,17,2,3,54,5,2,3868,615,4,5,25,0,0,1,2738,183,12,7,1556,22,849,2845,8,46,54,683,24,6,3,3796,707,2,0,3,10,0,4467,38,12,0,1,79,2059,2276,6,98,362,4156,1915,1936,63,3717,1713,94,623,34,300,26,601,306,17,5,1705,1332,963,383,135,37.74,29.48,21.31,8.48,2.99,251,1126,2803,334,4,5.56,24.92,62.04,7.39,0.09
Bagmati,Kavrepalanchok,Mandan Deupur,NP03,NP0324,NP0324301,7924,7622,241,35,26,1944,4402,1343,179,56,1615,5982,36,19,8,245,1,18,4561,3244,12,31,61,12,0,3,1677,146,51,23,5950,77,3173,3096,9,272,424,921,19,5,5,4248,3397,10,1,256,11,1,7830,74,13,0,7,145,4068,3423,23,265,356,7568,2953,4312,168,6803,5158,520,2837,164,1615,150,1939,877,21,4,687,981,3120,2364,772,8.67,12.38,39.37,29.83,9.74,1586,4440,1676,217,5,20.02,56.03,21.15,2.74,0.06
Bagmati,Kavrepalanchok,Banepa,NP03,NP0324,NP0324302,16698,11646,4819,151,82,1949,4296,9863,420,170,1825,14089,53,44,18,513,6,150,3279,13121,33,136,106,13,0,10,2101,293,92,623,13394,195,6201,4607,176,986,773,2277,150,1419,109,2006,14591,43,1,19,34,4,16518,165,5,2,8,8041,7148,1409,34,66,213,16485,2964,12016,1495,11188,14989,5573,11028,1206,6658,1524,6434,6396,1468,113,373,923,2275,5828,7299,2.23,5.53,13.62,34.9,43.71,10474,4299,1711,207,7,62.73,25.75,10.25,1.24,0.04
Bagmati,Kavrepalanchok,Dhulikhel,NP03,NP0324,NP0324303,8570,6900,1561,79,30,2216,2484,3543,249,78,2216,5967,36,24,12,294,4,17,3159,5309,15,49,22,14,0,2,2265,216,70,191,5746,82,5263,1885,15,425,274,669,19,7,13,1930,6507,19,1,100,11,2,8489,64,8,0,9,1427,6261,753,16,113,225,8345,2848,5774,354,6038,7001,2173,4556,539,2747,543,2386,2160,417,46,470,1047,1648,2808,2597,5.48,12.22,19.23,32.77,30.3,4513,2327,1572,155,3,52.66,27.15,18.34,1.81,0.04
Bagmati,Kavrepalanchok,Panchkhal,NP03,NP0324,NP0324304,9133,8664,405,30,34,2734,4636,1431,275,57,2355,6179,34,27,158,334,19,27,4577,4345,21,158,23,7,0,2,2637,201,51,80,6144,20,4031,2869,14,750,606,674,74,84,31,3777,5115,23,3,207,4,4,9010,96,17,1,9,149,5746,2870,17,351,362,8771,3107,5868,469,7685,6251,855,3978,259,2174,295,3577,1996,100,20,836,1270,2667,2710,1650,9.15,13.91,29.2,29.67,18.07,2503,4132,2204,292,2,27.41,45.24,24.13,3.2,0.02
Bagmati,Kavrepalanchok,Temal,NP03,NP0324,NP0324405,4869,4827,33,3,6,4092,607,120,25,25,4072,725,7,5,2,28,0,30,4123,439,22,263,17,1,0,4,3971,142,12,28,673,43,2291,1757,8,153,211,333,44,0,72,3870,887,17,0,91,3,1,4817,50,1,0,1,149,4269,323,6,122,316,4553,1241,2124,24,4154,2057,56,1040,27,252,21,410,158,1,5,1580,1910,1083,256,40,32.45,39.23,22.24,5.26,0.82,173,1103,3518,73,2,3.55,22.65,72.25,1.5,0.04
Bagmati,Kavrepalanchok,Namobuddha,NP03,NP0324,NP0324306,7148,6703,405,25,15,3969,2356,562,163,98,3910,2898,27,16,7,280,1,9,4669,2303,6,144,17,6,0,3,3997,114,39,111,2798,89,3152,2410,16,291,543,605,126,1,4,4481,2528,9,0,114,13,3,7071,54,14,0,9,112,4863,1995,58,120,312,6836,2533,3992,105,5986,4653,331,968,111,1233,84,1023,666,24,5,1497,2038,1927,1240,446,20.94,28.51,26.96,17.35,6.24,1198,2154,3495,301,0,16.76,30.13,48.89,4.21,0
Bagmati,Kavrepalanchok,Panauti,NP03,NP0324,NP0324305,12806,11104,1568,42,92,5060,3528,3878,216,124,5010,7367,41,19,42,287,13,27,5903,6586,20,196,91,6,0,4,5046,401,43,191,7067,58,5074,4731,41,1207,905,702,46,79,21,4095,8645,28,2,24,8,4,12665,122,5,1,13,1976,9568,1067,99,96,255,12551,4069,9726,726,10620,10617,2872,6410,597,4138,1018,3508,3529,481,51,737,2193,2980,3417,3479,5.76,17.12,23.27,26.68,27.17,4973,4053,3627,148,5,38.83,31.65,28.32,1.16,0.04
Bagmati,Kavrepalanchok,Bethanchowk,NP03,NP0324,NP0324403,3861,3776,75,5,5,3357,316,139,32,17,3367,438,12,3,0,40,1,0,3436,356,6,35,28,0,0,0,3263,53,8,9,514,14,1838,1946,2,4,30,35,5,0,1,3094,742,5,1,18,0,1,3817,39,4,0,1,108,3576,140,3,34,232,3629,1726,2171,88,3265,2152,188,626,45,502,74,127,132,2,4,1006,1595,906,277,77,26.06,41.31,23.47,7.17,1.99,249,679,2913,20,0,6.45,17.59,75.45,0.52,0
Bagmati,Kavrepalanchok,Roshi,NP03,NP0324,NP0324404,6075,5961,98,8,8,5109,734,161,54,17,5106,894,21,9,0,41,2,2,5443,485,25,100,14,5,0,3,5119,107,11,17,792,29,2687,3116,6,6,43,164,40,3,10,4858,1149,11,0,54,2,1,5928,124,8,1,14,209,4649,1059,27,131,463,5612,1909,2491,49,5062,3529,119,1827,75,479,38,496,136,3,7,1902,2357,1287,426,103,31.31,38.8,21.19,7.01,1.7,324,1210,4465,74,2,5.33,19.92,73.5,1.22,0.03
Bagmati,Kavrepalanchok,Mahabharat,NP03,NP0324,NP0324407,3174,3165,6,2,1,2778,308,8,78,2,2830,251,65,18,0,8,0,2,3035,34,38,5,60,1,0,1,2865,133,8,6,143,19,999,1959,2,10,31,158,14,0,1,3102,66,0,0,4,2,0,2023,1139,6,1,5,227,2799,75,7,66,251,2923,658,372,10,2813,2235,34,18,7,81,2,4,0,0,1,954,1931,267,21,1,30.06,60.84,8.41,0.66,0.03,8,334,2780,49,3,0.25,10.52,87.59,1.54,0.09
Bagmati,Kavrepalanchok,Khanikhola,NP03,NP0324,NP0324406,2398,2366,19,4,9,2237,127,9,25,0,2233,129,19,6,0,9,0,2,2346,22,12,6,9,1,0,2,2147,73,6,0,167,5,1716,553,1,0,115,5,3,1,4,2237,159,0,0,0,1,1,1234,1143,5,0,16,21,1732,226,38,381,180,2218,753,364,6,2105,1551,41,301,3,65,15,55,20,0,0,1026,1073,226,67,6,42.79,44.75,9.42,2.79,0.25,70,149,2116,60,3,2.92,6.21,88.24,2.5,0.13
Bagmati,Ramechhap,Umakunda,NP03,NP0321,NP0321404,4113,3953,128,10,22,3745,253,48,55,12,3758,254,68,8,4,20,0,1,3373,117,10,5,587,18,0,3,2692,79,29,8,1290,15,1963,2018,0,7,46,57,17,2,3,3797,308,6,0,2,0,0,3985,102,2,0,24,117,3438,517,3,38,395,3718,2054,1738,49,3309,1718,103,70,14,267,32,30,16,4,3,1280,2113,621,74,25,31.12,51.37,15.1,1.8,0.61,42,1211,2798,59,3,1.02,29.44,68.03,1.43,0.07
Bagmati,Ramechhap,Gokulganga,NP03,NP0321,NP0321403,4683,4590,80,5,8,2953,1467,185,73,5,3033,1528,72,10,7,30,0,3,3992,388,12,8,267,10,0,6,2369,100,36,24,2131,23,1706,2763,0,1,51,142,12,2,6,4182,403,12,1,75,7,3,4608,39,18,2,16,136,3300,1175,13,59,296,4387,1723,2000,42,3934,2602,281,719,30,349,131,102,97,9,4,1069,1555,1620,351,88,22.83,33.21,34.59,7.5,1.88,200,2056,2367,56,4,4.27,43.9,50.54,1.2,0.09
Bagmati,Ramechhap,Likhu Tamakoshi,NP03,NP0321,NP0321406,5296,5218,72,2,4,4229,765,244,54,4,4238,989,21,20,3,24,0,1,4270,483,16,256,265,6,0,0,3562,151,48,36,1471,28,1335,3359,0,19,177,155,248,0,3,4842,396,4,0,49,4,1,5192,89,12,0,3,171,4367,727,3,28,403,4893,2214,1576,59,4635,2233,121,285,24,269,139,277,197,3,2,2094,2002,843,277,80,39.54,37.8,15.92,5.23,1.51,258,1266,3721,51,0,4.87,23.9,70.26,0.96,0
Bagmati,Ramechhap,Ramechhap,NP03,NP0321,NP0321302,6627,6398,164,28,37,5266,1041,256,60,4,5475,1072,22,35,2,14,6,1,5698,507,117,37,258,9,0,1,4703,53,19,9,1795,48,4160,1855,0,29,226,267,84,1,5,5887,716,1,1,20,2,0,6550,38,13,2,24,146,5836,470,10,165,436,6191,2501,2902,99,5633,3350,421,546,39,547,71,386,262,19,9,2012,2771,1314,367,163,30.36,41.81,19.83,5.54,2.46,345,1691,4483,103,5,5.21,25.52,67.65,1.55,0.08
Bagmati,Ramechhap,Manthali,NP03,NP0321,NP0321301,10991,10041,893,38,19,7680,2062,1156,75,18,7579,3289,25,34,5,56,0,3,8121,2114,64,340,344,7,0,1,5566,261,32,58,5001,73,3806,5807,0,236,562,437,135,1,7,8132,2833,7,1,13,3,2,10872,81,23,1,14,338,9503,977,7,166,664,10327,4863,5412,448,9350,5125,791,1125,129,1254,249,2832,1422,64,26,2851,3856,2077,1276,931,25.94,35.08,18.9,11.61,8.47,1971,3119,5761,138,2,17.93,28.38,52.42,1.26,0.02
Bagmati,Ramechhap,Khandadevi,NP03,NP0321,NP0321405,5501,5380,101,16,4,4617,743,97,36,8,4901,534,8,20,2,34,0,2,4895,253,97,188,64,2,0,2,4097,248,24,19,1102,11,3245,1658,0,105,153,312,23,2,3,5030,462,2,0,3,2,2,5390,89,11,0,11,300,4405,713,2,81,624,4877,2418,1574,25,4434,1949,104,121,21,405,108,452,156,2,3,2388,2086,867,134,26,43.41,37.92,15.76,2.44,0.47,95,1137,4168,98,3,1.73,20.67,75.77,1.78,0.05
Bagmati,Ramechhap,Doramba,NP03,NP0321,NP0321402,5062,5038,22,1,1,4474,442,99,31,16,4406,599,14,8,3,29,0,3,4601,246,14,54,136,7,0,4,3944,159,27,12,910,10,1384,3507,0,10,78,72,4,0,7,4859,194,3,0,5,1,0,5009,44,3,1,5,141,3098,1668,36,119,876,4186,1610,1136,25,3826,1876,184,353,18,133,11,11,18,0,1,2585,1689,680,101,7,51.07,33.37,13.43,2,0.14,61,821,4112,67,1,1.21,16.22,81.23,1.32,0.02
Bagmati,Ramechhap,Sunapati,NP03,NP0321,NP0321401,4193,4132,49,7,5,3401,579,174,29,10,3468,660,11,8,3,26,4,13,3367,299,69,425,25,3,0,5,3030,75,13,38,1003,34,2532,1243,0,3,31,345,24,0,15,3921,243,5,0,4,18,2,4108,60,15,0,10,195,2836,1031,11,120,321,3872,1677,1498,22,3557,2048,124,227,27,472,95,380,104,2,2,1583,1576,825,184,25,37.75,37.59,19.68,4.39,0.6,91,844,3063,190,5,2.17,20.13,73.05,4.53,0.12
Bagmati,Sindhuli,Dudhouli,NP03,NP0320,NP0320302,16110,15739,299,23,49,2895,3407,1980,7762,66,4049,6593,851,4350,45,18,3,201,4631,2398,500,8403,131,23,0,24,7952,206,72,198,7612,70,2471,4515,1922,1461,4598,942,61,115,25,11874,3968,23,5,232,4,4,14004,1868,93,3,142,137,8959,6223,86,705,1294,14816,2732,6693,98,12176,8869,635,1640,122,2120,1997,7827,2250,40,17,5026,3714,4569,2107,694,31.2,23.05,28.36,13.08,4.31,957,4819,6795,3415,124,5.94,29.91,42.18,21.2,0.77
Bagmati,Sindhuli,Phikkal,NP03,NP0320,NP0320407,3436,3354,70,5,7,2945,395,35,54,7,3033,355,6,29,3,10,0,0,2923,130,217,6,158,1,0,1,2773,58,17,4,577,7,2308,1034,1,10,60,5,17,0,1,3163,264,0,0,4,3,2,1913,1450,29,0,44,70,2975,342,5,44,259,3177,1701,504,18,2983,1535,90,190,21,259,15,131,65,0,1,1562,1330,409,104,31,45.46,38.71,11.9,3.03,0.9,73,607,2611,142,3,2.12,17.67,75.99,4.13,0.09
Bagmati,Sindhuli,Tinpatan,NP03,NP0320,NP0320406,7918,7807,93,15,3,3436,1921,361,2181,19,4205,2920,376,391,1,6,0,19,4169,583,382,2564,213,5,0,2,4867,96,27,61,2840,27,2190,4255,72,131,342,857,58,2,11,6857,1025,1,0,33,1,1,7457,407,19,0,35,75,6079,1645,22,97,486,7432,3511,2746,54,6908,4635,279,1508,42,871,186,1427,444,10,2,2395,2309,2203,757,254,30.25,29.16,27.82,9.56,3.21,379,2411,4467,638,23,4.79,30.45,56.42,8.06,0.29
Bagmati,Sindhuli,Golanjor,NP03,NP0320,NP0320405,4527,4264,246,3,14,3045,1155,240,68,19,2998,1423,41,34,1,28,0,2,3495,611,273,106,40,1,0,1,2822,117,26,24,1516,22,1778,2358,10,47,83,201,38,11,1,3679,788,6,3,48,1,2,4041,466,9,1,10,108,3862,483,14,60,230,4297,2117,1326,38,3849,2155,184,355,33,433,53,685,297,13,6,1549,1415,929,428,206,34.22,31.26,20.52,9.45,4.55,519,1080,2806,117,5,11.46,23.86,61.98,2.58,0.11
Bagmati,Sindhuli,Kamalamai,NP03,NP0320,NP0320301,18135,15744,2239,95,57,3435,6321,4188,4125,66,3240,11494,2085,1167,19,80,3,47,6048,6323,145,5337,255,16,0,11,5227,322,103,350,12053,80,7976,4839,313,1565,1799,1123,75,405,40,8497,9460,38,5,124,7,4,17692,317,24,4,98,235,15184,2452,40,224,654,17481,7859,9167,620,13970,13077,2176,6186,500,3197,1109,8869,4202,272,44,2650,2944,4195,5039,3307,14.61,16.23,23.13,27.79,18.24,5563,6357,5071,1125,19,30.68,35.05,27.96,6.2,0.1
Bagmati,Sindhuli,Sunkoshi,NP03,NP0320,NP0320404,4987,4727,204,13,43,3796,852,250,59,30,3775,1114,17,17,1,58,0,5,4207,537,42,165,34,1,0,1,3649,114,37,16,1158,13,1904,2836,8,10,82,92,48,3,4,3897,1055,3,0,19,11,2,3753,1220,4,0,10,95,4756,76,5,55,391,4596,2206,1569,68,4311,2624,130,499,36,464,71,656,268,8,3,1434,2024,1007,396,126,28.75,40.59,20.19,7.94,2.53,425,1263,3251,47,1,8.52,25.33,65.19,0.94,0.02
Bagmati,Sindhuli,Ghyanglekha,NP03,NP0320,NP0320403,2868,2790,52,9,17,2366,203,60,229,10,2488,274,27,55,1,20,1,2,2732,110,17,4,3,0,0,2,2429,39,8,15,372,5,1562,1162,3,3,103,29,4,1,1,2617,241,1,0,9,0,0,1829,988,20,3,28,40,1993,757,34,44,286,2582,950,393,22,2286,1502,53,484,10,71,5,45,19,0,4,1381,1042,329,99,17,48.15,36.33,11.47,3.45,0.59,70,375,2358,62,3,2.44,13.08,82.22,2.16,0.1
Bagmati,Sindhuli,Marin,NP03,NP0320,NP0320402,6044,5813,203,7,21,1517,1353,557,2586,31,1781,2419,1160,593,5,17,0,69,2143,991,187,2698,18,3,0,4,3502,60,26,47,2387,22,831,2045,567,358,1677,421,134,10,1,4627,1338,20,0,56,1,2,4497,1439,34,1,73,22,4091,1413,30,488,717,5327,1271,1209,14,4495,3314,213,505,34,520,262,1440,367,3,4,2579,1154,1324,782,205,42.67,19.09,21.91,12.94,3.39,639,1399,2669,1256,81,10.57,23.15,44.16,20.78,1.34
Bagmati,Sindhuli,Hariharpurgaghi,NP03,NP0320,NP0320401,5292,5209,64,9,10,1463,899,192,2704,34,1643,1351,1375,827,8,26,1,61,2470,248,361,2199,3,9,0,2,3506,55,33,37,1649,12,825,2312,277,132,1363,333,45,0,5,4628,643,8,0,6,3,4,1399,3765,39,1,88,24,3116,1573,38,541,678,4614,1658,493,20,4220,2617,103,689,11,305,111,281,59,0,2,2540,1395,1040,284,33,48,26.36,19.65,5.37,0.62,97,999,2753,1306,137,1.83,18.88,52.02,24.68,2.59
Bagmati,Makwanpur,Indrasarowar,NP03,NP0331,NP0331405,3403,3286,77,26,14,2570,643,83,20,87,2452,758,13,2,1,175,0,2,2828,451,7,52,59,5,0,1,2470,103,17,8,770,35,1343,1811,7,44,97,31,64,2,4,2519,880,1,0,2,1,0,3355,25,17,0,6,94,2585,632,0,92,195,3208,1053,1566,13,2839,1786,84,364,39,429,27,55,116,11,3,1001,1315,696,303,88,29.42,38.64,20.45,8.9,2.59,305,812,2156,126,4,8.96,23.86,63.36,3.7,0.12
Bagmati,Makwanpur,Thaha,NP03,NP0331,NP0331301,9749,9109,605,22,13,5798,2714,824,279,134,5562,3691,90,7,16,369,1,13,7092,2277,17,201,141,16,0,5,5817,372,71,38,3401,50,3237,5065,50,46,156,1140,48,4,3,6095,3582,18,1,41,12,0,9527,175,28,0,19,236,7587,1761,15,150,293,9456,3445,5597,93,8406,6784,708,1226,130,1545,183,338,386,22,14,1731,3132,2884,1555,447,17.76,32.13,29.58,15.95,4.59,1408,3290,4729,311,11,14.44,33.75,48.51,3.19,0.11
Bagmati,Makwanpur,Kailash,NP03,NP0331,NP0331403,4391,4314,64,6,7,3716,450,16,196,13,3522,567,194,25,1,73,0,9,3967,85,289,26,21,2,0,1,3688,121,26,10,533,13,1559,2306,9,43,52,398,13,5,6,3914,467,1,0,8,1,0,2978,1269,62,1,81,105,1457,2200,34,595,669,3722,1206,747,9,3493,2049,65,413,23,208,86,165,53,2,3,2660,1062,490,165,14,60.58,24.19,11.16,3.76,0.32,55,564,3176,554,42,1.25,12.84,72.33,12.62,0.96
Bagmati,Makwanpur,Raksirang,NP03,NP0331,NP0331402,5044,5018,19,3,4,3480,576,23,951,14,3376,612,924,67,3,47,0,15,4112,90,700,55,82,2,0,3,4014,273,28,11,716,2,1054,3613,25,41,233,68,7,3,0,4605,427,7,0,4,0,1,2997,1822,42,1,182,198,1958,1780,23,1085,580,4464,3909,710,6,4116,2547,40,504,22,137,40,224,54,1,2,2962,1355,501,196,30,58.72,26.86,9.93,3.89,0.59,136,693,3322,813,80,2.7,13.74,65.86,16.12,1.59
Bagmati,Makwanpur,Manahari,NP03,NP0331,NP0331401,10724,10125,524,43,32,1600,5063,1434,2547,80,842,7566,2018,92,26,90,0,90,8190,2101,225,153,45,8,0,2,2668,162,78,77,7685,54,1974,5201,2171,431,545,326,36,3,37,4488,6146,31,1,56,1,1,10315,295,56,0,58,265,6713,3071,116,559,424,10300,5432,5967,99,8613,8127,705,3788,184,1511,1428,6365,2966,94,24,1338,1299,2939,3568,1580,12.48,12.11,27.41,33.27,14.73,2911,4770,2419,587,37,27.14,44.48,22.56,5.47,0.35
Bagmati,Makwanpur,Hetauda,NP03,NP0331,NP0331201,46566,38531,7411,350,274,8408,25817,10279,1823,239,2663,41147,1723,153,100,231,43,506,21276,23485,222,1065,425,75,0,18,4473,785,602,1043,39496,167,29532,11613,2270,460,1687,713,116,69,106,8122,37806,190,2,405,34,7,45934,510,73,2,47,1464,35377,8878,162,685,678,45888,17457,33712,2734,32300,40959,11855,28397,2467,19216,9988,37211,24778,4316,636,1371,1918,7449,15722,20106,2.94,4.12,16,33.76,43.18,25611,16440,3874,594,47,55,35.3,8.32,1.28,0.1
Bagmati,Makwanpur,Bhimphedi,NP03,NP0331,NP0331404,5085,4788,161,107,29,3879,819,104,262,21,3090,1592,184,31,2,183,0,3,4653,300,81,18,27,4,0,2,2612,98,10,9,2343,13,2300,2641,4,0,75,30,15,2,18,3718,1310,21,2,31,1,2,4957,94,24,1,9,150,4187,472,27,249,271,4814,1446,2726,77,4079,3237,200,417,76,588,138,889,710,41,4,1098,1674,1492,578,243,21.59,32.92,29.34,11.37,4.78,434,2106,2414,127,4,8.53,41.42,47.47,2.5,0.08
Bagmati,Makwanpur,Makawanpurgadhi,NP03,NP0331,NP0331406,5285,5075,172,13,25,2983,1827,154,273,48,2715,2103,218,48,7,79,0,115,4712,389,125,17,32,5,0,5,2891,75,39,15,2233,32,2667,1597,243,32,492,189,61,1,3,3868,1380,9,0,23,3,2,5036,199,38,2,10,193,3978,788,28,298,265,5020,1750,2546,28,4602,3281,365,606,26,841,212,1457,824,18,9,1454,1278,1281,888,384,27.51,24.18,24.24,16.8,7.27,824,1524,2646,274,17,15.59,28.84,50.07,5.18,0.32
Bagmati,Makwanpur,Bakaiya,NP03,NP0331,NP0331407,8913,8714,166,6,27,3583,2376,808,2117,29,3181,3652,1876,88,10,72,1,33,6511,1033,412,909,35,6,0,7,4902,123,48,50,3760,30,2077,3491,758,358,1530,464,204,1,30,7027,1825,17,3,25,6,10,7507,1230,105,3,68,468,2495,4439,133,1378,826,8087,2659,3223,80,7402,4618,397,1773,57,1031,639,2999,1054,8,2,3346,1803,2148,1197,419,37.54,20.23,24.1,13.43,4.7,409,2906,4083,1371,144,4.59,32.6,45.81,15.38,1.62
Bagmati,Makwanpur,Bagmati,NP03,NP0331,NP0331408,6460,6330,118,6,6,2539,1882,272,1740,27,2614,2335,1120,332,29,10,0,20,4170,569,442,1257,16,6,0,0,3608,123,41,63,2612,13,1064,2914,332,166,1416,500,64,3,1,5188,1219,5,0,44,4,0,6000,363,55,2,40,52,3238,1958,80,1132,581,5879,929,1826,30,5285,3070,156,364,29,522,295,2057,379,2,1,2639,1437,1601,638,145,40.85,22.24,24.78,9.88,2.24,443,1824,3068,997,128,6.86,28.24,47.49,15.43,1.98
Bagmati,Chitawan,Rapti,NP03,NP0335,NP0335304,15215,14262,785,101,67,5021,5812,2834,1485,63,4034,9728,997,289,20,49,14,84,10659,3875,402,89,160,14,0,16,4046,213,98,197,10601,60,6862,4259,3601,49,291,99,17,7,30,5514,9360,47,4,269,17,4,13577,1353,66,4,215,186,7550,6763,92,624,754,14461,3776,8267,479,10581,11639,2446,6153,304,3925,7335,10713,6551,797,84,2355,1542,3292,4303,3723,15.48,10.13,21.64,28.28,24.47,4361,6632,3543,610,69,28.66,43.59,23.29,4.01,0.45
Bagmati,Chitawan,Kalika,NP03,NP0335,NP0335301,12258,11538,638,25,57,3721,5437,2109,904,87,2572,8527,668,287,77,63,8,56,8444,3402,194,36,146,20,0,16,2445,103,286,179,9191,54,7534,3016,549,227,309,529,64,4,26,3756,8273,26,13,189,0,1,11412,631,36,3,176,140,5286,6323,79,430,558,11700,4095,7513,124,9012,9792,1837,5465,341,4312,7893,9502,5551,518,56,1513,997,2581,3813,3354,12.34,8.13,21.06,31.11,27.36,3752,5722,2087,616,81,30.61,46.68,17.03,5.03,0.66
Bagmati,Chitawan,Ichchha Kamana,NP03,NP0335,NP0335401,6185,5477,669,22,17,2904,1761,1060,447,13,2655,2841,464,47,6,69,2,101,4477,1326,251,4,116,6,0,5,3035,235,49,20,2830,16,2303,3438,23,5,177,89,141,3,6,3718,2407,15,0,33,3,9,5029,970,60,2,124,136,3753,1877,68,351,393,5792,1911,2201,123,4893,4154,638,1449,179,1130,779,2207,1027,49,7,1736,1213,1294,1173,769,28.07,19.61,20.92,18.97,12.43,1490,1684,2572,406,33,24.09,27.23,41.58,6.56,0.53
Bagmati,Chitawan,Bharatpur,NP03,NP0335,NP0335101,96591,70094,24577,1246,674,7203,49107,38710,1188,383,4373,89349,630,930,247,450,26,586,48020,46654,849,254,681,87,0,46,5295,1001,1378,6539,81831,547,50365,12586,29623,1555,1243,634,11,397,177,9824,84961,710,26,1043,2,25,95632,793,71,3,92,2254,76210,17410,353,364,1179,95412,37107,65315,7742,63614,86767,27906,65993,6279,46241,59288,85003,59389,13135,3173,1175,2282,11054,31618,50462,1.22,2.36,11.44,32.73,52.24,57614,34176,4115,649,37,59.65,35.38,4.26,0.67,0.04
Bagmati,Chitawan,Ratnanagar,NP03,NP0335,NP0335302,22403,18667,3440,110,186,4429,9967,7541,430,36,3358,18313,108,387,20,39,22,156,9725,12248,145,76,155,31,0,23,2332,379,328,1123,18164,77,14028,3224,4460,34,204,150,4,270,29,2818,19094,125,9,350,1,6,22207,153,20,0,23,479,14907,6800,74,143,251,22152,9552,16330,1532,15916,20237,6395,13910,1097,10484,15888,19542,13661,2700,535,291,1115,3665,7066,10266,1.3,4.98,16.36,31.54,45.82,11599,8959,1643,194,8,51.77,39.99,7.33,0.87,0.04
Bagmati,Chitawan,Khairahani,NP03,NP0335,NP0335303,16395,14219,1913,175,88,1962,7676,5776,930,51,1637,13615,172,657,101,46,0,167,8203,7720,157,48,236,25,0,6,1544,193,138,338,14117,65,8159,2123,5781,24,218,54,0,4,32,2443,13319,100,7,517,3,6,16166,187,20,0,22,514,10326,5267,165,123,243,16152,7118,11509,721,11228,14414,3585,10293,643,7335,11871,14520,9207,1376,286,305,870,2652,5588,6980,1.86,5.31,16.18,34.08,42.57,7877,6755,1488,266,9,48.05,41.2,9.08,1.62,0.05
Bagmati,Chitawan,Madi,NP03,NP0335,NP0335305,10120,9571,306,46,197,2097,3208,1640,3136,39,1488,5465,1546,1494,28,11,5,83,6253,1840,885,1093,35,9,0,5,4228,106,111,84,5530,61,1615,2180,4289,521,669,623,183,11,29,4741,4635,69,11,653,2,9,8397,1468,51,2,202,59,6579,2764,117,601,414,9706,4003,4318,72,7313,7405,1036,3068,93,2386,4598,6409,2571,97,25,1978,1770,2512,2401,1459,19.55,17.49,24.82,23.73,14.42,1751,3940,2799,1382,248,17.3,38.93,27.66,13.66,2.45
Gandaki,Gorkha,Chumanubri,NP04,NP0436,NP0436401,2068,1997,38,9,24,1858,138,30,39,3,1802,152,96,15,0,2,0,1,1421,65,35,0,435,112,0,0,523,1325,34,8,170,8,1400,457,0,13,46,113,32,2,5,1866,185,2,1,2,11,1,1744,306,1,1,16,214,665,786,122,281,819,1249,58,407,32,1012,509,15,66,0,2,0,2,53,6,0,1384,478,144,52,10,66.92,23.11,6.96,2.51,0.48,51,284,1589,143,1,2.47,13.73,76.84,6.91,0.05
Gandaki,Gorkha,Ajirkot,NP04,NP0436,NP0436402,3622,3500,110,3,9,2055,1324,157,84,2,1879,1565,40,4,4,125,0,5,3264,306,3,3,42,3,0,1,1012,92,48,7,2439,24,718,2727,0,1,35,126,4,0,11,2990,601,3,0,27,1,0,3460,132,10,1,19,74,2478,990,57,23,237,3385,1054,1664,28,3131,1714,62,98,13,131,12,74,111,5,1,452,1361,1461,303,45,12.48,37.58,40.34,8.37,1.24,317,1951,1307,44,3,8.75,53.87,36.09,1.21,0.08
Gandaki,Gorkha,Barpak Sulikot,NP04,NP0436,NP0436403,6283,6101,136,9,37,2710,2615,767,185,6,2621,3376,104,7,5,168,1,1,5110,1108,9,6,44,6,0,0,2227,156,61,23,3768,48,3459,2062,0,15,70,663,6,1,7,4845,1398,11,0,21,7,1,6131,127,11,1,13,751,4245,1075,136,76,629,5654,1530,2572,46,4837,2890,130,817,40,153,28,84,242,2,5,1202,1559,2443,996,83,19.13,24.81,38.88,15.85,1.32,828,3156,2174,123,2,13.18,50.23,34.6,1.96,0.03
Gandaki,Gorkha,Dharche,NP04,NP0436,NP0436404,3808,3740,54,8,6,2838,822,88,57,3,2842,740,161,6,1,56,1,1,3504,146,5,5,79,67,0,2,2937,166,13,11,672,9,1539,1824,0,2,13,423,1,0,6,3548,252,1,0,0,5,2,3483,314,1,0,10,354,2482,783,85,104,743,3065,322,953,30,2714,1402,46,271,9,44,4,9,37,0,0,1610,1484,609,90,15,42.28,38.97,15.99,2.36,0.39,86,899,2719,102,2,2.26,23.61,71.4,2.68,0.05
Gandaki,Gorkha,Aarughat,NP04,NP0436,NP0436406,6176,5787,356,14,19,2708,2838,493,117,20,2296,3615,37,4,3,216,2,3,4932,1156,11,4,61,12,0,0,1500,132,33,22,4449,40,2861,2615,0,3,118,558,13,0,8,4370,1759,10,0,27,9,1,5988,138,22,0,28,220,3281,2591,11,73,522,5654,1304,2855,141,4640,2882,202,480,134,366,78,1062,658,13,2,838,1585,2558,893,302,13.57,25.66,41.42,14.46,4.89,961,3036,2031,146,2,15.56,49.16,32.89,2.36,0.03
Gandaki,Gorkha,Bhimsenthapa,NP04,NP0436,NP0436407,5239,5158,64,9,8,2544,2264,364,53,14,2314,2804,23,11,17,68,0,2,4127,999,11,5,93,3,0,1,1735,81,17,4,3370,32,2926,1336,0,43,91,810,30,0,3,4045,1141,3,0,44,6,0,5118,97,16,0,8,304,4245,661,5,24,216,5023,2751,3118,53,4591,2344,157,960,34,355,83,1096,495,9,9,649,1379,2209,823,179,12.39,26.32,42.16,15.71,3.42,539,2800,1821,74,5,10.29,53.45,34.76,1.41,0.1
Gandaki,Gorkha,Siranchowk,NP04,NP0436,NP0436405,5958,5767,163,7,21,2545,3003,314,87,9,2369,3444,54,21,3,62,3,2,4593,1127,20,16,195,5,0,2,1987,126,32,9,3755,49,3172,1971,0,18,69,671,52,0,5,4449,1419,6,7,68,8,1,5826,75,24,1,32,114,4560,1221,16,47,325,5633,2051,2822,70,4873,2730,171,529,213,282,164,989,422,48,21,1110,1210,2442,986,210,18.63,20.31,40.99,16.55,3.52,913,2903,2051,87,4,15.32,48.72,34.42,1.46,0.07
Gandaki,Gorkha,Palungtar,NP04,NP0436,NP0436301,11072,10449,555,17,51,4000,5521,1419,120,12,3426,7442,79,42,13,59,1,10,8060,2607,62,47,287,7,0,2,2799,210,79,74,7848,62,4075,4519,0,454,523,1388,87,1,25,6067,4633,39,1,319,13,0,10802,175,50,6,39,216,6971,3715,28,142,448,10624,4238,6503,144,8339,6965,721,3660,171,1053,275,4683,2465,57,8,1169,1758,4063,2808,1274,10.56,15.88,36.7,25.36,11.51,2642,5058,3019,342,11,23.86,45.68,27.27,3.09,0.1
Gandaki,Gorkha,Gorkha,NP04,NP0436,NP0436302,14988,11770,3013,126,79,2720,6626,5489,126,27,2216,12482,83,20,28,107,1,51,6902,7681,34,33,323,13,0,2,1700,245,80,229,12532,202,3485,4038,0,196,249,6906,31,73,10,5209,9350,21,2,346,44,16,14657,292,18,3,18,404,12455,2028,18,83,357,14631,6664,9648,1179,10776,11874,2230,9068,762,2742,636,6870,5111,331,54,587,1127,3884,5339,4051,3.92,7.52,25.91,35.62,27.03,3605,8939,2162,281,1,24.05,59.64,14.42,1.87,0.01
Gandaki,Gorkha,Shahid Lakhan,NP04,NP0436,NP0436408,6856,6580,236,14,26,3495,2257,1040,55,9,3228,3499,35,14,11,64,0,5,4928,1545,19,5,355,2,0,2,2388,153,37,19,4187,72,2922,2295,0,10,95,1509,15,0,10,4470,2113,21,20,206,22,4,6619,195,21,2,19,415,5627,734,20,60,164,6692,2747,3989,111,5621,4552,428,1551,87,554,65,1394,1040,56,9,932,1650,2445,1289,540,13.59,24.07,35.66,18.8,7.88,1092,3122,2499,140,3,15.93,45.54,36.45,2.04,0.04
Gandaki,Gorkha,Gandaki,NP04,NP0436,NP0436409,5659,5535,96,12,16,3054,2038,494,54,19,2817,2742,35,10,4,30,4,17,4294,1169,19,4,155,3,0,15,1871,106,36,10,3565,71,2069,2483,0,2,114,976,4,0,11,3954,1609,9,0,77,7,3,5542,84,13,1,19,178,4849,587,6,39,253,5406,1352,3011,58,4883,3341,204,867,45,450,40,1351,627,8,3,856,1499,2029,994,281,15.13,26.49,35.85,17.56,4.97,795,2826,1964,60,14,14.05,49.94,34.71,1.06,0.25
Gandaki,Manang,Narpa Bhumi,NP04,NP0438,NP0438402,126,117,6,2,1,124,1,0,1,0,124,1,0,0,0,0,1,0,20,0,0,0,18,3,85,0,10,111,1,0,4,0,21,90,0,0,0,15,0,0,0,120,4,0,0,0,1,1,86,39,1,0,0,0,119,0,0,7,9,117,45,50,1,106,64,8,20,1,4,0,0,0,0,1,76,41,8,1,0,60.32,32.54,6.35,0.79,0,0,6,106,14,0,0,4.76,84.13,11.11,0
Gandaki,Manang,Ngisyang,NP04,NP0438,NP0438401,561,412,74,28,47,519,18,2,21,1,474,38,46,0,0,0,2,1,212,7,0,0,2,31,307,2,15,524,1,1,18,2,342,213,0,0,2,3,1,0,0,342,187,1,0,30,0,1,556,3,2,0,0,0,539,11,0,11,37,524,131,379,6,377,382,52,164,6,125,15,3,141,33,0,146,210,128,67,10,26.02,37.43,22.82,11.94,1.78,5,124,421,11,0,0.89,22.1,75.04,1.96,0
Gandaki,Manang,Chame,NP04,NP0438,NP0438403,389,153,161,73,2,249,47,3,89,1,191,49,147,0,0,2,0,0,342,19,2,1,8,10,7,0,19,333,4,0,31,2,254,134,0,0,0,1,0,0,0,276,113,0,0,0,0,0,294,95,0,0,0,27,346,10,1,5,5,384,33,218,58,207,342,84,158,18,73,3,0,83,0,0,34,152,130,49,24,8.74,39.07,33.42,12.6,6.17,9,136,243,1,0,2.31,34.96,62.47,0.26,0
Gandaki,Manang,Nason,NP04,NP0438,NP0438404,471,364,78,10,19,373,63,13,16,6,230,178,51,2,1,5,0,4,350,42,2,0,0,11,61,5,91,246,2,1,126,5,357,108,0,0,0,5,0,0,1,320,150,0,0,0,0,1,400,71,0,0,0,4,449,6,7,5,23,448,81,267,10,374,390,51,242,12,58,4,10,76,9,0,54,138,186,68,25,11.46,29.3,39.49,14.44,5.31,28,220,214,6,3,5.94,46.71,45.44,1.27,0.64
Gandaki,Mustang,Lo Ghekar Damodarkunda,NP04,NP0445,NP0445402,436,398,12,20,6,435,1,0,0,0,432,3,0,0,0,0,1,0,10,1,0,0,1,2,422,0,421,7,1,0,6,1,184,210,0,18,3,11,8,0,2,124,107,0,0,205,0,0,171,265,0,0,0,0,174,131,4,127,16,420,18,161,1,334,358,8,305,14,91,3,1,11,0,0,129,193,110,4,0,29.59,44.27,25.23,0.92,0,0,12,282,142,0,0,2.75,64.68,32.57,0
Gandaki,Mustang,Gharpajhong,NP04,NP0445,NP0445404,1127,504,471,133,19,927,149,50,1,0,888,238,0,0,0,0,1,0,169,152,4,1,0,7,794,0,305,539,6,1,269,7,924,187,0,0,4,8,3,0,1,140,983,2,0,1,0,1,1097,22,1,1,6,13,1063,31,15,5,8,1119,198,777,253,744,942,195,669,70,262,34,4,288,98,1,99,305,372,208,143,8.78,27.06,33.01,18.46,12.69,146,228,744,9,0,12.95,20.23,66.02,0.8,0
Gandaki,Mustang,Varagung Muktichhetra,NP04,NP0445,NP0445403,723,453,193,25,52,624,80,16,2,1,621,95,1,1,1,0,3,1,30,80,0,1,0,17,594,1,546,72,5,3,90,7,363,302,0,0,0,51,7,0,0,233,489,0,0,0,1,0,700,23,0,0,0,5,630,44,5,39,28,695,393,455,35,542,541,41,305,26,125,5,0,148,20,1,192,227,195,57,52,26.56,31.4,26.97,7.88,7.19,68,52,522,81,0,9.41,7.19,72.2,11.2,0
Gandaki,Mustang,Lomanthang,NP04,NP0445,NP0445401,488,446,31,2,9,478,6,0,0,4,475,6,0,0,1,1,2,3,6,2,0,0,1,9,466,4,476,4,0,3,1,4,49,250,0,3,1,86,98,1,0,248,6,1,113,119,0,1,0,487,1,0,0,2,74,394,1,17,29,459,25,146,9,325,306,14,17,16,80,1,0,1,0,0,376,91,17,3,1,77.05,18.65,3.48,0.61,0.2,1,3,144,328,12,0.2,0.61,29.51,67.21,2.46
Gandaki,Mustang,Thasang,NP04,NP0445,NP0445405,832,547,241,37,7,661,107,43,18,3,542,260,18,6,0,3,1,2,401,72,3,0,57,15,277,7,172,493,3,5,152,7,515,268,0,2,1,42,0,0,4,464,366,1,0,0,1,0,814,10,4,0,4,20,716,56,15,25,42,790,246,441,15,587,635,80,434,26,163,13,3,168,28,2,154,232,282,104,60,18.51,27.88,33.89,12.5,7.21,71,269,455,36,1,8.53,32.33,54.69,4.33,0.12
Gandaki,Myagdi,Annapurna,NP04,NP0444,NP0444403,3600,3173,267,51,109,3045,403,129,14,9,2992,541,35,3,13,14,0,2,1367,218,17,3,1988,4,0,3,2645,182,12,36,716,9,887,2476,0,1,20,206,6,0,4,2730,849,2,0,19,0,0,3443,75,63,3,16,100,3104,329,6,61,261,3339,962,1739,59,2662,2601,179,2075,50,128,7,36,264,4,1,764,1098,1264,349,125,21.22,30.5,35.11,9.69,3.47,319,554,2560,164,3,8.86,15.39,71.11,4.56,0.08
Gandaki,Myagdi,Raghuganga,NP04,NP0444,NP0444402,4153,3890,117,25,121,3852,212,71,12,6,3720,375,19,5,18,15,0,1,990,113,10,3,3034,3,0,0,3403,111,9,6,604,20,935,2179,0,5,23,965,43,0,3,3622,491,1,0,31,7,1,4031,83,20,1,18,77,3596,404,4,72,310,3843,1423,1810,54,3093,2905,218,1712,89,147,73,104,187,3,0,1180,1594,1105,217,57,28.41,38.38,26.61,5.23,1.37,120,412,2875,744,2,2.89,9.92,69.23,17.91,0.05
Gandaki,Myagdi,Dhawalagiri,NP04,NP0444,NP0444401,3176,3004,112,14,46,3055,74,17,26,4,2996,125,31,8,7,8,1,0,402,39,34,5,2691,2,0,3,2856,69,6,4,221,20,1121,1811,0,1,15,200,18,5,5,2929,243,1,0,1,1,1,2586,441,3,3,143,76,2049,965,12,74,416,2760,759,631,22,2325,2051,69,440,18,51,6,10,18,0,0,1426,1422,273,50,5,44.9,44.77,8.6,1.57,0.16,18,175,2697,279,7,0.57,5.51,84.92,8.78,0.22
Gandaki,Myagdi,Malika,NP04,NP0444,NP0444404,4590,4014,439,54,83,4130,254,189,16,1,4011,523,44,0,9,3,0,0,795,207,76,4,3504,4,0,0,3813,82,14,12,654,15,1240,2944,0,13,23,331,21,10,8,3764,754,3,0,55,12,2,4316,182,34,2,56,70,2808,1527,25,160,321,4269,959,1182,96,3167,3235,198,2391,44,146,69,161,173,1,1,1305,2147,708,311,119,28.43,46.78,15.42,6.78,2.59,302,375,3491,421,1,6.58,8.17,76.06,9.17,0.02
Gandaki,Myagdi,Mangala,NP04,NP0444,NP0444405,3911,3577,201,27,106,3499,237,162,13,0,3467,407,13,6,15,2,0,1,729,201,60,0,2919,1,0,1,3037,85,17,12,745,15,1252,2413,0,1,7,218,12,3,5,3210,636,20,0,44,0,1,3854,38,7,2,10,79,3467,334,16,15,329,3582,1100,1764,31,2777,2892,264,1526,40,267,37,194,283,10,3,851,1594,1073,287,106,21.76,40.76,27.44,7.34,2.71,212,430,3067,197,5,5.42,10.99,78.42,5.04,0.13
Gandaki,Myagdi,Beni,NP04,NP0444,NP0444301,9336,6579,2497,127,133,5484,1573,2246,20,13,5321,3917,31,3,14,15,0,35,3180,2933,127,65,3025,4,0,2,4617,216,80,171,4186,66,4940,3908,0,2,40,426,11,0,9,4880,4412,15,0,15,8,6,9118,173,24,1,20,375,7031,1822,33,75,330,9006,2116,4614,495,6099,7743,1490,4896,315,1561,475,2696,2066,271,19,1332,2444,1850,2110,1600,14.27,26.18,19.82,22.6,17.14,3006,1560,4545,221,4,32.2,16.71,48.68,2.37,0.04
Gandaki,Kaski,Madi,NP04,NP0439,NP0439403,4094,3826,95,18,155,3527,467,81,18,1,3242,796,12,12,1,30,0,1,3429,152,26,0,483,4,0,0,2922,24,48,1,1078,21,2188,1408,1,5,78,387,17,2,8,3582,494,6,0,12,0,0,4021,40,15,1,17,145,3399,499,12,39,174,3920,1351,2324,105,3431,2750,169,327,40,372,48,175,250,9,1,910,1891,956,253,84,22.23,46.19,23.35,6.18,2.05,149,1004,2809,128,4,3.64,24.52,68.61,3.13,0.1
Gandaki,Kaski,Machhapuchchhre,NP04,NP0439,NP0439402,6151,5518,407,17,209,3886,1473,729,41,22,3404,2627,17,20,6,27,2,48,3827,1070,17,8,1205,5,0,19,2846,85,42,89,3033,56,4816,1094,4,4,120,39,29,29,16,3381,2727,2,0,40,0,1,6027,88,27,1,8,356,5227,523,3,42,292,5859,2080,4000,108,4451,4403,586,1625,146,1057,220,553,966,44,5,791,1623,1797,1289,651,12.86,26.39,29.21,20.96,10.58,1455,2113,2519,57,7,23.65,34.35,40.95,0.93,0.11
Gandaki,Kaski,Annapurna,NP04,NP0439,NP0439401,6049,5240,588,32,189,4032,1051,883,67,16,3779,2001,66,12,8,176,0,7,3433,1141,33,3,1431,5,0,3,3312,141,95,39,2418,44,4609,1091,8,2,39,244,20,0,36,4170,1855,6,0,14,1,3,5942,73,23,1,10,236,5254,473,14,72,167,5882,1931,3895,140,4822,4418,696,1693,147,794,123,303,1045,111,9,884,1995,1548,995,627,14.61,32.98,25.59,16.45,10.37,994,1700,3206,145,4,16.43,28.1,53,2.4,0.07
Gandaki,Kaski,Pokhara,NP04,NP0439,NP0439101,140459,81797,55135,1804,1723,13644,64221,62063,234,297,11882,127255,242,58,170,284,25,543,50346,88155,376,323,1130,92,0,37,8693,1605,1689,18704,108714,1054,91518,20672,228,596,818,7133,318,18555,621,11893,127571,372,4,543,32,44,139796,517,73,6,67,1785,127280,10777,332,285,1774,138685,51444,104443,18346,84100,127460,46642,101457,11356,68569,24341,97275,79382,17792,1335,1896,3854,13953,42479,78277,1.35,2.74,9.93,30.24,55.73,106274,26721,7084,370,10,75.66,19.02,5.04,0.26,0.01
Gandaki,Kaski,Rupa,NP04,NP0439,NP0439404,3663,3504,109,8,42,2481,913,256,10,3,2304,1343,2,6,0,7,0,1,3156,408,68,6,22,1,0,2,1894,32,24,14,1684,15,2232,1046,6,127,58,158,28,1,7,2756,893,3,0,10,1,0,3620,28,12,2,1,113,2688,838,8,16,145,3518,1494,2261,27,3006,2653,260,645,37,697,83,989,723,8,7,613,1066,1177,518,289,16.73,29.1,32.13,14.14,7.89,450,1385,1770,58,0,12.29,37.81,48.32,1.58,0
Gandaki,Lamjung,Dordi,NP04,NP0437,NP0437403,4524,4321,168,11,24,3282,1039,141,56,6,3072,1329,27,23,5,67,1,0,3967,455,16,3,78,5,0,0,2736,67,22,4,1682,13,2265,1644,0,6,38,542,5,1,23,3443,1039,7,0,32,2,1,4489,26,7,0,2,188,4117,196,3,20,383,4141,3119,1758,35,3739,2551,103,837,32,154,29,302,335,7,1,1282,1467,1077,538,160,28.34,32.43,23.81,11.89,3.54,565,1270,2649,40,0,12.49,28.07,58.55,0.88,0
Gandaki,Lamjung,Marshyangdi,NP04,NP0437,NP0437402,4550,4265,229,13,43,3387,861,239,55,8,3041,1220,96,11,2,175,2,3,4133,265,11,3,132,5,0,1,2880,70,13,5,1559,23,3371,907,0,0,25,233,9,1,4,3395,1053,1,0,97,2,2,4440,86,18,1,5,227,4166,107,19,31,214,4336,1275,2579,25,3678,3290,457,911,53,273,146,464,567,5,6,740,1794,1164,577,275,16.26,39.43,25.58,12.68,6.04,566,1226,2690,67,1,12.44,26.95,59.12,1.47,0.02
Gandaki,Lamjung,Kwhola Sothar,NP04,NP0437,NP0437401,2276,2130,61,11,74,2182,78,11,5,0,2079,170,3,4,2,18,0,0,1950,27,10,1,286,0,0,2,2074,28,6,2,161,5,1548,716,0,0,1,3,6,0,2,2062,206,0,0,7,0,1,2252,14,3,1,6,125,845,1257,31,18,123,2153,1740,944,12,1979,1491,63,100,13,78,5,11,75,0,2,932,1098,183,51,12,40.95,48.24,8.04,2.24,0.53,21,182,2045,28,0,0.92,8,89.85,1.23,0
Gandaki,Lamjung,Madhya Nepal,NP04,NP0437,NP0437301,6427,5687,620,20,100,3678,1230,1410,91,18,3417,2830,50,36,7,70,1,16,4343,1865,77,6,128,3,0,5,2807,110,55,65,3346,44,4203,1890,0,17,122,183,6,1,5,3519,2824,15,0,67,0,2,6345,50,20,3,9,336,3864,2163,22,42,244,6183,2965,3895,143,5044,4832,862,2683,166,1084,446,2890,1949,42,12,1036,1610,1304,1331,1146,16.12,25.05,20.29,20.71,17.83,1719,1921,2668,112,7,26.75,29.89,41.51,1.74,0.11
Gandaki,Lamjung,Bensishahar,NP04,NP0437,NP0437302,11038,7982,2882,59,115,4855,3102,2986,76,19,4238,6600,36,36,4,110,4,10,6015,4739,16,50,213,2,0,3,3605,180,83,661,6463,46,7215,2637,0,12,145,753,182,80,14,3791,7037,57,1,146,2,4,10950,47,17,1,23,306,8613,2050,13,56,272,10766,6549,6992,687,8181,8754,1759,5318,326,1900,486,4676,4061,355,49,1070,1993,2178,2908,2889,9.69,18.06,19.73,26.35,26.17,4689,3016,3077,253,3,42.48,27.32,27.88,2.29,0.03
Gandaki,Lamjung,Sundarbazar,NP04,NP0437,NP0437303,7829,6386,1311,89,43,2704,3193,1812,105,15,2536,5182,28,30,8,38,1,6,4502,3205,74,9,31,6,0,2,2179,127,71,129,5290,33,5805,1237,0,10,49,640,69,3,16,2589,5052,32,0,147,2,7,7785,20,11,0,13,203,6699,861,19,47,209,7620,2871,4716,233,5558,6200,1132,4549,164,1411,349,3719,2889,208,26,640,1161,1522,2357,2149,8.17,14.83,19.44,30.11,27.45,3671,2243,1813,99,3,46.89,28.65,23.16,1.26,0.04
Gandaki,Lamjung,Rainas,NP04,NP0437,NP0437304,4961,4686,195,11,69,2688,1533,625,109,6,2293,2494,28,63,6,70,0,7,3935,870,15,5,133,2,0,1,2036,34,24,27,2807,33,2985,1621,0,43,50,210,48,0,4,1976,2715,14,0,253,2,1,4893,36,17,2,13,80,3200,1596,18,67,162,4799,2121,2797,79,3975,3452,350,2319,47,443,83,1691,887,17,2,588,1131,1415,1268,559,11.85,22.8,28.52,25.56,11.27,1253,2075,1472,159,2,25.26,41.83,29.67,3.2,0.04
Gandaki,Lamjung,Dudhapokhari,NP04,NP0437,NP0437404,2469,2420,33,1,15,1533,864,42,28,2,1336,997,41,10,12,39,0,34,2220,141,6,2,97,2,0,1,1183,39,16,8,1206,17,1797,561,0,0,16,85,7,0,3,2188,273,0,0,7,1,0,2413,40,6,0,10,67,1928,448,5,21,108,2361,1219,1162,14,2235,1563,50,755,13,57,3,30,69,2,1,399,774,988,280,28,16.16,31.35,40.02,11.34,1.13,115,1121,1201,27,5,4.66,45.4,48.64,1.09,0.2
Gandaki,Tanahu,Bhanu,NP04,NP0440,NP0440303,12705,11669,850,51,135,6880,3908,1727,160,30,5979,6454,79,88,6,80,0,19,8715,3024,106,22,826,9,0,3,4864,121,59,119,7458,84,4503,4917,0,726,993,1474,70,1,21,6289,6006,26,6,368,9,1,12557,86,39,3,20,235,8312,3971,43,144,460,12245,3438,8073,201,9529,8944,1049,3778,264,1864,419,6324,3976,98,11,1848,2856,3341,2730,1930,14.55,22.48,26.3,21.49,15.19,2801,4770,4626,499,9,22.05,37.54,36.41,3.93,0.07
Gandaki,Tanahu,Byas,NP04,NP0440,NP0440302,22585,17001,5277,126,181,6839,6557,9022,149,18,6231,16027,97,91,9,37,1,92,10226,11393,268,49,637,9,0,3,4710,198,333,1024,16170,150,14620,5702,0,317,585,1113,129,85,34,7045,15323,59,1,144,7,6,22385,108,59,4,29,527,17279,4539,74,166,483,22102,8588,14327,905,13864,18878,4364,12908,774,6197,2108,16210,10163,914,156,1844,2612,3842,6546,7741,8.16,11.57,17.01,28.98,34.27,11658,5903,4585,434,5,51.62,26.14,20.3,1.92,0.02
Gandaki,Tanahu,Myagde,NP04,NP0440,NP0440401,6515,5800,578,50,87,2722,2524,1243,19,7,2535,3910,21,12,3,5,24,5,3975,2143,89,3,299,1,0,5,2201,80,32,59,4127,16,2667,2621,0,428,277,487,14,14,7,3519,2814,20,9,151,0,2,6454,31,20,3,7,218,4450,1764,20,63,168,6347,1008,4153,175,4774,5029,706,2379,151,1202,282,3897,2039,74,8,936,1076,1595,1580,1328,14.37,16.52,24.48,24.25,20.38,1808,2429,2064,208,6,27.75,37.28,31.68,3.19,0.09
Gandaki,Tanahu,Shuklagandaki,NP04,NP0440,NP0440301,15272,12015,2946,81,230,3767,6158,5301,23,23,3413,11760,19,10,17,13,1,39,6825,8095,120,23,198,5,0,6,2982,201,89,1018,10923,59,9821,3437,0,90,379,967,30,501,47,4892,10122,17,0,227,5,9,15045,187,23,0,17,321,12801,2039,33,78,295,14977,6710,10292,729,10244,13009,3161,9933,656,4710,1514,9844,7008,774,65,1026,1377,2491,4434,5944,6.72,9.02,16.31,29.03,38.92,8311,3999,2765,195,2,54.42,26.19,18.11,1.28,0.01
Gandaki,Tanahu,Bhimad,NP04,NP0440,NP0440304,7970,6986,897,22,65,4541,2200,1180,46,3,4304,3589,13,28,0,6,0,30,4602,2426,220,16,695,10,0,1,4067,73,38,213,3544,35,5206,1929,0,62,297,400,5,36,35,4593,3258,16,5,94,0,4,7864,61,31,3,11,201,5577,2128,24,40,202,7768,3895,4122,189,5478,6470,841,4608,176,1807,387,3426,2117,95,10,1162,2026,1737,1550,1495,14.58,25.42,21.79,19.45,18.76,2222,1789,3715,240,4,27.88,22.45,46.61,3.01,0.05
Gandaki,Tanahu,Ghiring,NP04,NP0440,NP0440402,3783,3667,91,8,17,3176,363,169,71,4,3090,594,13,73,5,6,0,2,2967,311,127,11,364,1,0,2,3018,42,8,9,689,17,1017,2043,0,69,174,469,7,0,4,2998,717,21,1,37,1,8,3604,138,30,2,9,101,2437,1163,12,70,164,3619,1155,1072,26,2970,2638,147,241,18,413,93,636,212,1,1,1375,1504,610,219,75,36.35,39.76,16.12,5.79,1.98,185,686,2676,229,7,4.89,18.13,70.74,6.05,0.19
Gandaki,Tanahu,Rhishing,NP04,NP0440,NP0440403,4669,4414,197,11,47,3972,407,237,50,3,3858,740,34,27,3,4,0,3,2606,350,129,9,1571,0,0,4,3684,68,12,9,885,11,1192,2761,0,298,324,74,20,0,0,3835,813,9,0,10,1,1,4420,193,20,4,32,271,1212,3147,11,28,230,4439,1407,1403,27,3826,2982,174,717,31,529,61,702,295,2,1,2255,1435,475,373,131,48.3,30.73,10.17,7.99,2.81,309,524,3401,423,12,6.62,11.22,72.84,9.06,0.26
Gandaki,Tanahu,Devghat,NP04,NP0440,NP0440406,3670,3302,182,152,34,1565,1306,430,355,14,1325,1721,543,13,36,25,0,7,2568,561,231,4,298,4,0,4,1683,43,21,31,1870,22,1390,1946,0,15,36,246,16,2,19,2031,1624,4,0,9,1,1,2583,1013,28,3,43,26,2061,1498,11,74,196,3474,909,1230,69,2927,2468,219,1079,61,665,440,1701,814,51,8,1197,488,759,673,553,32.62,13.3,20.68,18.34,15.07,1013,887,1383,380,7,27.6,24.17,37.68,10.35,0.19
Gandaki,Tanahu,Bandipur,NP04,NP0440,NP0440404,5208,4275,807,45,81,2815,1245,1075,65,8,2659,2423,70,19,5,18,0,14,2941,1411,63,8,779,6,0,0,1991,41,23,83,3042,28,2414,2240,0,51,145,276,75,1,6,2446,2706,6,0,48,1,1,5125,44,19,2,18,77,4079,927,20,105,166,5042,950,2963,309,3616,3757,624,1945,203,1021,156,2352,1656,153,25,773,1155,1123,1099,1058,14.84,22.18,21.56,21.1,20.31,1538,1613,1894,160,3,29.53,30.97,36.37,3.07,0.06
Gandaki,Tanahu,Aanbu Khaireni,NP04,NP0440,NP0440405,6136,4330,1684,99,23,1907,1751,2401,53,24,1752,4241,65,19,4,23,4,28,2713,2989,155,5,272,1,0,1,1513,68,32,180,4308,35,3025,2899,0,4,11,121,41,29,6,1830,4264,30,0,10,0,2,6024,80,19,0,13,64,5269,672,12,119,155,5981,1292,3556,472,3979,4894,973,3903,248,1326,448,4060,2454,239,48,628,700,895,1865,2048,10.23,11.41,14.59,30.39,33.38,3482,1194,1310,144,6,56.75,19.46,21.35,2.35,0.1
Gandaki,Nawalparasi East,Gaidakot,NP04,NP0447,NP0447304,20191,15189,4561,250,191,1525,10455,7541,631,39,1117,18191,614,65,54,73,4,73,9595,10374,59,77,59,22,0,5,1487,164,190,1262,16981,107,15592,3593,430,264,150,57,9,15,81,2872,17083,46,1,184,1,4,19840,308,12,1,30,173,14821,5042,36,119,255,19936,9082,13584,1316,13690,17398,5264,14514,971,8111,11286,17560,12086,2710,474,594,650,2447,6523,9977,2.94,3.22,12.12,32.31,49.41,13201,5436,1461,86,7,65.38,26.92,7.24,0.43,0.03
Gandaki,Nawalparasi East,Bulingtar,NP04,NP0447,NP0447402,3402,3304,69,10,19,2785,438,112,66,1,2747,588,10,51,0,6,0,0,2904,209,122,21,144,2,0,0,2646,52,16,10,672,6,1170,1821,2,23,67,288,24,0,7,3066,296,4,0,36,0,0,2996,391,5,0,10,226,1456,1668,13,39,199,3203,1196,362,15,2759,2377,54,601,16,376,52,228,25,0,0,1441,1215,559,170,17,42.36,35.71,16.43,5,0.5,110,585,2417,288,2,3.23,17.2,71.05,8.47,0.06
Gandaki,Nawalparasi East,Baudikali,NP04,NP0447,NP0447401,2913,2753,67,3,90,2432,288,141,47,5,2367,494,15,32,2,3,0,0,2306,266,280,4,57,0,0,0,2332,33,47,10,477,14,1328,1306,3,5,13,252,3,0,3,2319,531,4,2,55,2,0,1896,974,19,0,24,206,2190,452,11,54,164,2749,930,548,13,2113,1913,83,722,18,462,128,620,151,7,1,1028,1071,500,245,69,35.29,36.77,17.16,8.41,2.37,209,524,1975,198,7,7.17,17.99,67.8,6.8,0.24
Gandaki,Nawalparasi East,Hupsekot,NP04,NP0447,NP0447403,6179,5802,300,20,57,2236,2485,900,510,48,2317,3486,246,21,15,13,0,81,4737,1332,87,5,4,3,0,11,2475,54,26,52,3536,36,4042,1888,2,6,146,60,29,0,6,3876,2200,17,3,83,0,0,5059,1060,25,1,34,73,4957,958,22,169,258,5921,2793,2495,53,4009,4916,454,2905,69,1565,2821,3867,1347,42,8,948,1207,1483,1583,958,15.34,19.53,24,25.62,15.5,1617,2148,2241,165,8,26.17,34.76,36.27,2.67,0.13
Gandaki,Nawalparasi East,Devchuli,NP04,NP0447,NP0447303,14493,12015,2291,75,112,2478,9103,2610,262,40,1777,12417,92,99,24,19,4,61,9002,5307,104,23,20,23,0,14,1562,102,249,496,12019,65,11797,1624,256,337,188,258,20,0,13,2694,11630,17,8,140,2,2,14155,296,25,0,17,661,10806,2923,21,82,197,14296,6508,9472,447,9336,12990,2705,10225,573,5107,7369,12748,7864,1093,189,464,676,2197,5106,6050,3.2,4.66,15.16,35.23,41.74,8193,4950,1196,148,6,56.53,34.15,8.25,1.02,0.04
Gandaki,Nawalparasi East,Kawasoti,NP04,NP0447,NP0447302,22166,18353,3363,279,171,2132,12581,6326,1039,88,1385,19386,339,658,150,43,78,127,12934,8884,192,78,61,9,0,8,2251,166,208,1057,18436,48,13702,2719,4622,440,486,167,6,4,20,5675,15960,66,5,448,2,10,22029,67,45,1,24,633,18658,2592,55,228,216,21950,10948,14423,653,14342,19841,4839,17354,897,9334,15634,20317,12140,1399,315,429,890,3433,7267,10147,1.94,4.02,15.49,32.78,45.78,11475,8607,1815,252,17,51.77,38.83,8.19,1.14,0.08
Gandaki,Nawalparasi East,Madhya Bindu,NP04,NP0447,NP0447301,15430,14143,1049,129,109,2827,7699,3061,1778,65,3040,10819,525,758,195,20,0,73,10423,4409,191,355,38,8,0,6,4203,159,178,191,10640,59,7218,3282,1634,1586,826,701,121,1,61,7992,7002,74,17,333,3,9,15035,314,42,2,37,252,9809,5099,35,235,238,15192,6280,9609,237,10475,12763,1839,7420,295,4274,9516,12980,5931,253,57,1349,1874,3994,4777,3436,8.74,12.15,25.88,30.96,22.27,3891,7034,3834,649,22,25.22,45.59,24.85,4.21,0.14
Gandaki,Nawalparasi East,Binayi Tribeni,NP04,NP0447,NP0447404,9076,8151,765,69,91,1758,3620,2554,1114,30,1606,6310,734,323,33,34,0,36,4832,3223,201,760,21,31,0,8,2527,78,51,118,6263,39,1880,2083,3284,872,256,399,57,83,162,4624,4263,24,9,148,3,5,8624,378,45,0,29,308,4555,3939,46,228,243,8833,2227,5076,288,6512,6945,861,3329,253,2386,3315,7140,3449,224,62,1140,1205,2211,2651,1869,12.56,13.28,24.36,29.21,20.59,2252,4071,2108,608,37,24.81,44.85,23.23,6.7,0.41
Gandaki,Syangja,Putalibazar,NP04,NP0441,NP0441301,11881,9780,1882,104,115,6356,2921,2579,20,5,5538,6120,33,15,11,6,0,158,7146,4393,61,7,211,58,0,5,4270,200,108,153,7104,46,5613,5232,0,29,84,832,60,2,29,5890,5820,17,0,145,6,3,11760,83,25,3,10,350,9440,1955,40,96,245,11636,5531,8370,524,9420,8745,1874,4757,390,2438,475,4318,3442,404,28,1204,2724,2872,2465,2616,10.13,22.93,24.17,20.75,22.02,3811,4118,3755,195,2,32.08,34.66,31.61,1.64,0.02
Gandaki,Syangja,Phedikhola,NP04,NP0441,NP0441402,3165,2912,201,13,39,2014,694,453,4,0,1610,1543,5,3,2,2,0,0,2051,849,14,2,249,0,0,0,1446,33,15,13,1646,12,1504,1512,0,7,48,81,3,0,10,2131,1018,2,0,13,0,1,3122,35,7,0,1,40,2812,284,5,24,54,3111,1113,2306,67,2640,2432,462,1209,65,556,78,538,625,28,3,317,816,933,690,409,10.02,25.78,29.48,21.8,12.92,673,1218,1247,27,0,21.26,38.48,39.4,0.85,0
Gandaki,Syangja,Aandhikhola,NP04,NP0441,NP0441401,3992,3771,166,13,42,3240,524,218,9,1,2813,1160,5,5,2,5,1,1,3195,457,13,0,327,0,0,0,2575,38,3,16,1340,20,1466,1950,0,3,51,495,14,0,13,3244,729,1,0,17,1,0,3953,28,7,0,4,97,2463,1380,6,46,124,3868,1649,2458,27,3418,2680,304,1030,49,381,74,259,340,9,1,947,1386,1057,422,180,23.72,34.72,26.48,10.57,4.51,274,1136,2356,226,0,6.86,28.46,59.02,5.66,0
Gandaki,Syangja,Arjun Choupari,NP04,NP0441,NP0441403,3808,3582,192,6,28,3094,374,312,28,0,2980,795,8,20,1,4,0,0,2949,533,47,0,278,1,0,0,2708,44,8,16,1007,25,1949,1724,0,5,10,86,23,0,11,3127,675,2,0,3,0,1,3777,18,10,0,3,261,2663,837,2,45,100,3708,1448,2301,74,3117,2786,276,537,34,292,29,397,296,20,6,856,1703,699,365,185,22.48,44.72,18.36,9.59,4.86,407,684,2678,36,3,10.69,17.96,70.33,0.95,0.08
Gandaki,Syangja,Bhirkot,NP04,NP0441,NP0441302,6171,5504,585,17,65,3988,1118,1050,14,1,3678,2458,12,10,3,3,1,6,4199,1799,127,9,26,11,0,0,3515,97,49,58,2433,19,1806,3479,217,108,91,458,7,0,5,3839,2240,4,3,83,2,0,6099,54,11,1,6,233,5458,428,15,37,128,6043,1846,3877,123,5071,4877,736,2834,139,936,230,1816,1549,136,3,787,1705,1701,941,1037,12.75,27.63,27.56,15.25,16.8,1392,1681,3015,82,1,22.56,27.24,48.86,1.33,0.02
Gandaki,Syangja,Biruwa,NP04,NP0441,NP0441404,3954,3693,193,12,56,3355,344,232,21,2,3149,778,9,13,1,1,0,3,3375,377,181,3,17,1,0,0,2836,45,21,19,1013,20,1539,1743,0,10,33,621,2,0,6,3354,551,3,0,42,3,1,3910,31,10,0,3,122,2385,1350,40,57,134,3820,645,2301,47,3074,2739,160,452,39,427,43,468,326,8,3,1122,1597,848,296,91,28.38,40.39,21.45,7.49,2.3,225,882,2600,247,0,5.69,22.31,65.76,6.25,0
Gandaki,Syangja,Harinas,NP04,NP0441,NP0441405,3582,3440,108,3,31,2948,372,247,13,2,2860,700,6,6,2,7,0,1,3119,295,143,2,21,2,0,0,2584,32,8,13,935,10,1811,1325,0,67,111,253,12,0,3,3011,549,2,1,16,1,2,3548,27,6,0,1,162,1957,1423,10,30,105,3477,1113,1892,46,3077,2312,183,164,48,387,175,331,343,3,1,986,1513,761,260,62,27.53,42.24,21.25,7.26,1.73,139,877,2425,139,2,3.88,24.48,67.7,3.88,0.06
Gandaki,Syangja,Chapakot,NP04,NP0441,NP0441305,6251,5793,390,19,49,4228,1126,877,19,1,3964,2262,6,12,2,4,1,0,4616,1550,42,21,19,3,0,0,4018,100,30,25,2044,34,2319,2879,0,77,272,685,3,2,14,4462,1690,5,0,93,1,0,6200,34,10,0,7,354,4832,996,8,61,173,6078,2301,3726,150,5109,4318,487,1731,93,1398,341,3384,1637,46,2,1165,1873,1581,972,660,18.64,29.96,25.29,15.55,10.56,938,1685,3465,163,0,15.01,26.96,55.43,2.61,0
Gandaki,Syangja,Walling,NP04,NP0441,NP0441304,13424,10852,2445,39,88,6297,4937,2113,71,6,6370,6984,12,33,7,13,1,4,6828,6433,97,20,40,4,0,2,5898,286,58,247,6881,54,5308,6590,37,77,85,1192,58,18,59,6241,6818,24,1,334,4,2,13298,108,11,1,6,476,11130,1709,20,89,204,13220,3210,8500,407,9954,11224,2265,7925,509,3711,803,6330,4875,496,34,1242,2548,3143,2879,3612,9.25,18.98,23.41,21.45,26.91,4611,3644,5014,153,2,34.35,27.15,37.35,1.14,0.01
Gandaki,Syangja,Galyang,NP04,NP0441,NP0441303,7933,7135,706,42,50,5471,1292,1139,30,1,5350,2545,4,26,2,5,0,1,5564,2188,169,1,11,0,0,0,5184,115,53,36,2495,50,3832,3736,0,67,70,214,10,1,3,5866,1984,40,0,42,0,1,7892,21,11,1,8,205,3451,4117,32,128,124,7809,2360,5017,200,6435,6581,924,3180,151,1806,178,3893,2520,79,7,1513,2414,1736,1303,967,19.07,30.43,21.88,16.43,12.19,1262,1593,4840,235,3,15.91,20.08,61.01,2.96,0.04
Gandaki,Syangja,Kaligandaki,NP04,NP0441,NP0441406,4762,4412,301,27,22,3369,715,594,79,5,2847,1829,9,70,0,3,0,4,3574,962,182,27,13,3,0,1,3334,118,23,31,1232,24,2090,2285,0,15,101,253,14,1,3,4128,569,6,0,55,3,1,4730,18,14,0,0,311,3739,639,22,51,116,4646,1786,2986,127,3781,3584,394,1281,107,849,139,1330,906,17,8,764,1616,1489,550,343,16.04,33.94,31.27,11.55,7.2,356,1652,2606,143,5,7.48,34.69,54.72,3,0.1
Gandaki,Parbat,Modi,NP04,NP0442,NP0442402,5404,4824,437,67,76,4120,581,640,55,8,3886,1428,31,14,9,20,1,15,3074,709,24,0,1596,1,0,0,3588,59,25,25,1690,17,3549,1379,0,2,39,420,11,0,4,4278,1105,8,1,7,3,2,5354,32,10,3,5,286,2610,2459,21,28,283,5121,2262,3398,270,4660,3875,570,1680,83,357,173,756,537,33,11,1437,1912,999,605,451,26.59,35.38,18.49,11.2,8.35,645,941,3676,141,1,11.94,17.41,68.02,2.61,0.02
Gandaki,Parbat,Jaljala,NP04,NP0442,NP0442401,5961,4971,897,26,67,4149,867,928,11,6,4042,1784,13,6,70,9,0,37,2329,973,26,8,2621,2,0,2,3489,90,22,63,2274,23,2832,2781,0,4,24,307,4,1,8,3797,2141,5,0,17,0,1,5878,52,18,1,12,115,3586,2188,9,63,204,5757,1910,3487,184,4721,4497,691,2603,150,582,153,1061,885,58,3,1263,1670,1313,1095,620,21.19,28.02,22.03,18.37,10.4,1342,884,3488,247,0,22.51,14.83,58.51,4.14,0
Gandaki,Parbat,Kushma,NP04,NP0442,NP0442301,10962,8359,2414,94,95,6733,1974,2192,36,27,6470,4394,42,10,7,26,1,12,5836,3027,30,11,2051,2,0,5,5459,139,68,195,5007,94,5814,4725,0,7,26,358,4,5,23,5944,4981,24,1,7,2,3,10868,71,10,2,11,299,7297,3261,20,85,280,10682,4485,6652,693,8681,8264,1899,5282,354,1808,500,3570,2343,314,33,1815,2856,2188,2106,1997,16.56,26.05,19.96,19.21,18.22,3311,2123,5271,254,3,30.2,19.37,48.08,2.32,0.03
Gandaki,Parbat,Phalebas,NP04,NP0442,NP0442302,5737,5397,279,9,52,4979,525,199,29,5,4798,874,17,16,22,8,0,2,4985,380,58,3,311,0,0,0,4389,84,24,22,1202,16,2171,3050,0,5,191,311,3,1,5,4998,713,5,0,16,4,1,5687,26,13,2,9,113,3331,2229,5,59,161,5576,3311,3353,118,4886,3821,514,1240,45,472,163,669,420,18,5,1582,2461,1100,398,196,27.58,42.9,19.17,6.94,3.42,271,988,4299,178,1,4.72,17.22,74.93,3.1,0.02
Gandaki,Parbat,Mahashila,NP04,NP0442,NP0442404,2057,1953,80,12,12,1958,82,15,2,0,1934,119,3,1,0,0,0,0,1722,45,56,5,228,1,0,0,1860,7,6,5,165,14,1323,683,0,1,7,42,1,0,0,1946,106,1,0,3,0,1,2042,8,3,2,2,63,53,1912,9,20,64,1993,910,1069,18,1689,1381,100,72,9,135,11,10,34,1,0,1012,847,153,42,3,49.2,41.18,7.44,2.04,0.15,9,116,1841,91,0,0.44,5.64,89.5,4.42,0
Gandaki,Parbat,Bihadi,NP04,NP0442,NP0442403,2723,2540,105,8,70,2327,256,114,24,2,2227,466,8,16,1,4,1,0,2359,275,66,14,9,0,0,0,2195,44,17,6,451,10,1535,1017,0,5,19,132,1,0,14,2507,202,3,0,11,0,0,2684,21,8,0,10,182,795,1704,22,20,112,2611,1152,1539,52,2271,2016,152,829,34,342,97,403,207,1,2,778,1051,669,167,58,28.57,38.6,24.57,6.13,2.13,41,439,2076,165,2,1.51,16.12,76.24,6.06,0.07
Gandaki,Parbat,Paiyu,NP04,NP0442,NP0442405,3268,2900,344,10,14,2543,217,483,24,1,2492,738,5,30,1,2,0,0,2593,600,49,2,24,0,0,0,2295,45,47,11,854,16,1770,1347,0,15,31,98,6,0,1,2559,695,4,0,9,1,0,3246,10,5,1,6,97,557,2541,32,41,53,3215,745,1808,48,2798,2662,242,585,59,379,109,663,305,31,2,996,1315,421,342,194,30.48,40.24,12.88,10.47,5.94,424,377,2361,106,0,12.97,11.54,72.25,3.24,0
Gandaki,Baglung,Baglung,NP04,NP0443,NP0443303,15924,11731,3978,147,68,9724,2527,3632,33,8,9400,6416,30,16,17,13,1,31,6608,5261,98,20,3916,19,0,2,7987,260,109,525,6954,89,6618,7508,42,16,70,956,58,643,13,8406,7458,33,1,19,7,0,15700,186,21,2,15,423,11532,3873,48,48,429,15495,4203,9372,1198,11073,12732,3188,8847,493,2894,924,4591,3341,562,64,2056,4117,3513,3310,2928,12.91,25.85,22.06,20.79,18.39,5135,2487,7952,348,2,32.25,15.62,49.94,2.19,0.01
Gandaki,Baglung,Kathekhola,NP04,NP0443,NP0443405,5892,5631,214,10,37,5568,189,107,27,1,5455,392,11,8,13,12,0,1,1283,188,85,5,4326,2,0,3,4997,68,14,4,790,19,1756,3888,0,3,23,190,25,0,7,5493,388,5,0,2,2,2,5808,58,7,0,19,191,5228,420,17,36,141,5751,1973,3074,118,4556,4669,516,1910,150,393,71,60,199,11,3,1007,2902,1714,206,63,17.09,49.25,29.09,3.5,1.07,67,526,5137,161,1,1.14,8.93,87.19,2.73,0.02
Gandaki,Baglung,Tarakhola,NP04,NP0443,NP0443404,2337,2234,71,5,27,2254,73,8,2,0,2201,122,8,1,4,1,0,0,91,35,15,2,2192,2,0,0,2143,24,6,1,155,8,464,1857,0,1,1,11,1,0,2,2242,92,3,0,0,0,0,2301,25,6,1,4,42,1510,771,3,11,46,2291,778,1211,20,1914,1720,177,475,49,130,12,6,33,4,1,648,1201,430,39,19,27.73,51.39,18.4,1.67,0.81,15,105,2193,24,0,0.64,4.49,93.84,1.03,0
Gandaki,Baglung,Tamankhola,NP04,NP0443,NP0443402,2611,2477,103,13,18,2498,92,12,8,1,2547,46,7,6,2,3,0,0,398,21,105,3,2084,0,0,0,2458,23,9,1,115,5,829,1642,0,3,23,112,2,0,0,2434,174,2,0,1,0,0,2566,18,8,0,19,62,1934,558,12,45,160,2451,1223,808,18,2027,1631,97,834,40,41,3,2,7,0,1,931,1194,464,20,2,35.66,45.73,17.77,0.77,0.08,10,105,2344,144,8,0.38,4.02,89.77,5.52,0.31
Gandaki,Baglung,Dhorpatan,NP04,NP0443,NP0443301,7485,6290,1066,12,117,5864,965,608,42,6,5781,1598,58,9,10,26,1,2,2815,1173,72,4,3311,107,0,3,5508,192,17,37,1700,31,2731,4259,0,12,53,407,19,0,4,5304,2152,15,1,6,7,0,7139,194,14,0,138,290,5838,1030,24,303,461,7024,2936,2500,159,5171,5357,366,3140,99,339,87,477,460,22,1,2213,2404,1451,1022,395,29.57,32.12,19.39,13.65,5.28,1251,797,4999,427,11,16.71,10.65,66.79,5.7,0.15
Gandaki,Baglung,Dhorpatan,NP04,NP0443,NP0443598,7485,6290,1066,12,117,5864,965,608,42,6,5781,1598,58,9,10,26,1,2,2815,1173,72,4,3311,107,0,3,5508,192,17,37,1700,31,2731,4259,0,12,53,407,19,0,4,5304,2152,15,1,6,7,0,7139,194,14,0,138,290,5838,1030,24,303,461,7024,2936,2500,159,5171,5357,366,3140,99,339,87,477,460,22,1,2213,2404,1451,1022,395,29.57,32.12,19.39,13.65,5.28,1251,797,4999,427,11,16.71,10.65,66.79,5.7,0.15
Gandaki,Baglung,Nisikhola,NP04,NP0443,NP0443401,5635,5440,153,4,38,5326,269,22,14,4,5290,296,20,8,9,7,4,1,1232,158,132,14,3982,116,0,1,5149,75,10,14,377,10,945,3918,0,22,106,595,34,1,14,5297,323,2,0,11,0,2,5338,116,56,2,123,103,4338,976,19,199,560,5075,1943,1444,20,3889,3198,119,853,22,122,18,12,64,3,0,2436,2554,476,132,37,43.23,45.32,8.45,2.34,0.66,64,332,4495,735,9,1.14,5.89,79.77,13.04,0.16
Gandaki,Baglung,Badigad,NP04,NP0443,NP0443403,6745,6213,455,13,64,5978,391,230,142,4,5908,721,51,27,15,22,0,1,1993,511,470,30,3728,11,0,2,5779,105,26,25,794,16,1828,4298,0,9,115,473,17,1,4,5910,797,5,0,20,12,1,6394,232,31,2,86,201,5085,1382,21,56,317,6428,3095,2302,112,5226,4605,345,2224,78,252,65,359,378,18,4,2073,3025,1119,352,176,30.73,44.85,16.59,5.22,2.61,263,608,5294,563,17,3.9,9.01,78.49,8.35,0.25
Gandaki,Baglung,Galkot,NP04,NP0443,NP0443302,7714,6630,939,17,128,6085,928,661,36,4,5896,1721,44,5,31,10,3,4,1519,1106,136,167,4771,9,0,6,5374,126,87,88,2007,32,2486,4712,0,7,60,410,1,0,38,5981,1705,9,0,12,3,4,7436,253,18,2,5,199,3537,3914,9,55,177,7537,2549,3615,132,6275,6395,769,3524,195,672,119,337,745,154,7,1697,2877,1808,918,414,22,37.3,23.44,11.9,5.37,758,1106,5404,441,5,9.83,14.34,70.05,5.72,0.06
Gandaki,Baglung,Bareng,NP04,NP0443,NP0443406,2925,2717,147,14,47,2744,105,62,13,1,2732,166,18,6,3,0,0,0,1165,135,265,5,1355,0,0,0,2704,37,15,5,158,6,1001,1758,0,5,11,133,10,1,6,2722,194,6,0,1,2,0,2850,46,22,0,7,113,2491,307,2,12,89,2836,1418,1315,32,2363,2130,129,343,22,63,16,6,29,2,1,787,1708,327,84,19,26.91,58.39,11.18,2.87,0.65,74,157,2580,112,2,2.53,5.37,88.21,3.83,0.07
Gandaki,Baglung,Jaimuni,NP04,NP0443,NP0443304,6828,6391,342,30,65,6352,247,194,33,2,6038,701,21,47,14,5,0,2,2696,230,204,5,3690,1,0,2,5368,80,25,14,1317,24,1226,5036,0,8,69,312,149,16,12,6258,547,6,0,6,4,7,6696,92,31,2,7,234,5771,711,12,100,245,6583,2766,3179,89,5485,4840,392,1965,104,284,74,322,210,1,4,1644,3205,1618,236,125,24.08,46.94,23.7,3.46,1.83,191,776,5560,294,7,2.8,11.36,81.43,4.31,0.1
