province,district,municipality,adm1_pcode,adm2_pcode,adm3_pcode,ward,affected,projection_2026_population_total,projection_2026_population_male,projection_2026_population_female,projection_2026_total_0_4,projection_2026_male_0_4,projection_2026_female_0_4,projection_2026_total_5_9,projection_2026_male_5_9,projection_2026_female_5_9,projection_2026_total_10_14,projection_2026_male_10_14,projection_2026_female_10_14,projection_2026_total_15_19,projection_2026_male_15_19,projection_2026_female_15_19,projection_2026_total_20_24,projection_2026_male_20_24,projection_2026_female_20_24,projection_2026_total_25_29,projection_2026_male_25_29,projection_2026_female_25_29,projection_2026_total_30_34,projection_2026_male_30_34,projection_2026_female_30_34,projection_2026_total_35_39,projection_2026_male_35_39,projection_2026_female_35_39,projection_2026_total_40_44,projection_2026_male_40_44,projection_2026_female_40_44,projection_2026_total_45_49,projection_2026_male_45_49,projection_2026_female_45_49,projection_2026_total_50_54,projection_2026_male_50_54,projection_2026_female_50_54,projection_2026_total_55_59,projection_2026_male_55_59,projection_2026_female_55_59,projection_2026_total_60_64,projection_2026_male_60_64,projection_2026_female_60_64,projection_2026_total_65_69,projection_2026_male_65_69,projection_2026_female_65_69,projection_2026_total_70_74,projection_2026_male_70_74,projection_2026_female_70_74,projection_2026_total_75_79,projection_2026_male_75_79,projection_2026_female_75_79,projection_2026_total_80_84,projection_2026_male_80_84,projection_2026_female_80_84,projection_2026_total_85_89,projection_2026_male_85_89,projection_2026_female_85_89,projection_2026_total_90_94,projection_2026_male_90_94,projection_2026_female_90_94,projection_2026_total_95plus,projection_2026_male_95plus,projection_2026_female_95plus
Bagmati,Rasuwa,Uttargaya,NP03,NP0329,NP0329403,1,affected,1165,555,610,80,42,38,117,53,64,126,59,67,93,47,46,88,36,52,92,42,50,80,36,44,85,45,40,98,48,50,65,30,35,43,22,21,47,22,25,45,22,23,37,16,21,32,17,15,21,11,10,11,5,6,5,2,3,0,0,0,0,0,0
Bagmati,Rasuwa,Uttargaya,NP03,NP0329,NP0329403,2,affected,1233,569,664,95,50,45,103,45,58,94,38,56,98,39,59,93,40,53,113,52,61,119,58,61,103,46,57,69,35,34,56,23,33,51,21,30,68,34,34,46,23,23,42,25,17,33,18,15,25,12,13,14,6,8,7,4,3,4,0,4,0,0,0
Bagmati,Rasuwa,Uttargaya,NP03,NP0329,NP0329403,3,affected,1080,525,555,84,44,40,67,37,30,84,44,40,84,40,44,90,42,48,87,39,48,98,35,63,79,36,43,71,33,38,62,30,32,54,30,24,53,25,28,44,25,19,43,23,20,29,15,14,20,11,9,23,13,10,8,3,5,0,0,0,0,0,0
Bagmati,Rasuwa,Uttargaya,NP03,NP0329,NP0329403,4,affected,1986,947,1039,154,80,74,154,76,78,142,75,67,131,68,63,143,65,78,178,79,99,189,80,109,151,67,84,131,64,67,109,50,59,101,52,49,90,47,43,99,51,48,88,40,48,59,25,34,32,16,16,23,9,14,11,3,8,1,0,1,0,0,0
Bagmati,Rasuwa,Uttargaya,NP03,NP0329,NP0329403,5,affected,2836,1345,1491,222,117,105,189,99,90,225,116,109,203,105,98,225,97,128,229,93,136,226,94,132,260,123,137,204,94,110,168,69,99,153,79,74,147,67,80,123,65,58,92,52,40,72,32,40,49,21,28,30,12,18,13,7,6,6,3,3,0,0,0
Bagmati,Rasuwa,Gosaikunda,NP03,NP0329,NP0329402,1,affected,822,422,400,49,25,24,83,39,44,53,28,25,31,20,11,52,28,24,73,41,32,62,30,32,59,29,30,48,25,23,58,25,33,51,29,22,56,27,29,39,19,20,31,15,16,29,18,11,31,16,15,15,8,7,2,0,2,0,0,0,0,0,0
Bagmati,Rasuwa,Gosaikunda,NP03,NP0329,NP0329402,2,affected,558,296,262,38,20,18,40,21,19,23,12,11,14,6,8,28,17,11,49,26,23,64,34,30,66,34,32,49,27,22,52,28,24,32,21,11,35,17,18,30,16,14,24,14,10,9,3,6,5,0,5,0,0,0,0,0,0,0,0,0,0,0,0
Bagmati,Rasuwa,Gosaikunda,NP03,NP0329,NP0329402,3,affected,495,251,244,27,15,12,30,19,11,25,12,13,20,12,8,23,13,10,33,22,11,46,24,22,38,16,22,26,15,11,43,19,24,40,17,23,35,16,19,25,10,15,31,17,14,22,12,10,21,8,13,7,2,5,3,2,1,0,0,0,0,0,0
Bagmati,Rasuwa,Gosaikunda,NP03,NP0329,NP0329402,4,NA,431,228,203,33,18,15,11,3,8,11,5,6,28,14,14,70,39,31,55,36,19,37,22,15,21,11,10,29,10,19,38,20,18,32,19,13,20,10,10,11,5,6,14,5,9,9,5,4,9,5,4,3,1,2,0,0,0,0,0,0,0,0,0
Bagmati,Rasuwa,Gosaikunda,NP03,NP0329,NP0329402,5,affected,2518,1326,1192,168,89,79,162,80,82,156,69,87,167,99,68,227,143,84,254,150,104,240,128,112,219,105,114,177,88,89,154,76,78,140,67,73,128,62,66,107,60,47,78,42,36,59,27,32,41,21,20,22,12,10,15,6,9,4,2,2,0,0,0
Bagmati,Rasuwa,Gosaikunda,NP03,NP0329,NP0329402,6,NA,3099,1602,1497,220,115,105,244,122,122,248,130,118,258,127,131,277,163,114,283,149,134,296,149,147,267,117,150,244,124,120,191,98,93,154,82,72,134,72,62,93,52,41,73,37,36,61,35,26,34,19,15,12,7,5,9,4,5,1,0,1,0,0,0
Bagmati,Rasuwa,Aamachhodingmo,NP03,NP0329,NP0329401,1,affected,1455,734,721,145,75,70,136,66,70,149,74,75,136,70,66,135,72,63,119,61,58,109,50,59,93,39,54,94,48,46,75,43,32,63,31,32,52,25,27,45,26,19,36,21,15,29,14,15,23,12,11,13,5,8,3,2,1,0,0,0,0,0,0
Bagmati,Rasuwa,Aamachhodingmo,NP03,NP0329,NP0329401,2,NA,942,497,445,85,45,40,108,58,50,92,51,41,80,43,37,75,37,38,76,42,34,69,37,32,56,30,26,56,27,29,45,24,21,43,23,20,36,16,20,37,17,20,33,18,15,23,13,10,13,6,7,10,5,5,5,5,0,0,0,0,0,0,0
Bagmati,Rasuwa,Aamachhodingmo,NP03,NP0329,NP0329401,3,NA,1284,675,609,105,55,50,117,69,48,120,65,55,101,50,51,107,58,49,111,66,45,88,50,38,77,36,41,55,29,26,72,34,38,83,37,46,51,28,23,56,30,26,45,23,22,39,19,20,27,13,14,19,9,10,11,4,7,0,0,0,0,0,0
Bagmati,Rasuwa,Aamachhodingmo,NP03,NP0329,NP0329401,4,NA,1044,537,507,95,50,45,105,62,43,95,51,44,78,39,39,82,43,39,73,33,40,76,37,39,67,34,33,53,26,27,62,32,30,63,33,30,55,29,26,41,16,25,40,22,18,29,15,14,15,8,7,11,5,6,4,2,2,0,0,0,0,0,0
Bagmati,Rasuwa,Aamachhodingmo,NP03,NP0329,NP0329401,5,NA,1704,891,813,153,81,72,167,88,79,154,75,79,112,60,52,99,52,47,138,72,66,145,79,66,125,63,62,109,56,53,106,65,41,83,41,42,78,43,35,59,29,30,59,29,30,51,25,26,34,18,16,22,10,12,10,5,5,0,0,0,0,0,0
Bagmati,Rasuwa,Kalika,NP03,NP0329,NP0329404,1,affected,2493,1195,1298,172,91,81,209,109,100,251,128,123,256,124,132,227,101,126,191,88,103,165,67,98,221,90,131,192,88,104,152,76,76,110,58,52,83,42,41,62,33,29,64,33,31,62,29,33,54,29,25,12,6,6,6,1,5,4,2,2,0,0,0
Bagmati,Rasuwa,Kalika,NP03,NP0329,NP0329404,2,affected,2826,1326,1500,212,111,101,222,111,111,214,111,103,207,97,110,222,91,131,232,97,135,267,114,153,245,110,135,199,96,103,171,82,89,146,66,80,141,67,74,104,54,50,89,47,42,76,34,42,41,20,21,20,10,10,10,5,5,8,3,5,0,0,0
Bagmati,Rasuwa,Kalika,NP03,NP0329,NP0329404,3,affected,1594,754,840,115,60,55,104,56,48,98,50,48,106,50,56,113,51,62,142,56,86,145,64,81,139,62,77,112,53,59,97,45,52,84,39,45,72,30,42,67,30,37,63,33,30,62,37,25,40,20,20,24,12,12,10,5,5,1,1,0,0,0,0
Bagmati,Rasuwa,Kalika,NP03,NP0329,NP0329404,4,affected,986,467,519,65,35,30,53,30,23,74,39,35,81,40,41,68,28,40,66,28,38,80,31,49,93,41,52,74,39,35,50,24,26,43,17,26,57,24,33,53,27,26,52,28,24,39,21,18,18,8,10,12,5,7,7,2,5,1,0,1,0,0,0
Bagmati,Rasuwa,Kalika,NP03,NP0329,NP0329404,5,affected,1885,904,981,144,75,69,123,68,55,122,72,50,140,78,62,153,72,81,156,58,98,164,67,97,155,63,92,139,63,76,125,64,61,107,49,58,90,40,50,73,38,35,66,35,31,59,29,30,43,22,21,20,9,11,6,2,4,0,0,0,0,0,0
Bagmati,Nuwakot,Tarakeshwor,NP03,NP0328,NP0328403,1,NA,2544,1169,1375,240,125,115,196,100,96,202,96,106,197,89,108,194,73,121,178,68,110,165,75,90,135,58,77,131,56,75,137,65,72,137,66,71,139,58,81,127,63,64,134,67,67,104,54,50,73,33,40,37,17,20,10,5,5,8,1,7,0,0,0
Bagmati,Nuwakot,Tarakeshwor,NP03,NP0328,NP0328403,2,affected,2020,921,1099,174,91,83,175,88,87,189,93,96,178,85,93,124,52,72,106,35,71,133,46,87,116,49,67,120,51,69,122,53,69,103,50,53,108,48,60,107,52,55,88,44,44,68,35,33,59,26,33,34,16,18,13,6,7,3,1,2,0,0,0
Bagmati,Nuwakot,Tarakeshwor,NP03,NP0328,NP0328403,3,NA,2366,1037,1329,212,111,101,239,125,114,261,133,128,219,103,116,135,48,87,120,36,84,153,46,107,147,49,98,116,45,71,102,42,60,110,47,63,110,49,61,130,56,74,112,56,56,78,39,39,67,32,35,32,12,20,15,5,10,8,3,5,0,0,0
Bagmati,Nuwakot,Tarakeshwor,NP03,NP0328,NP0328403,4,affected,2157,968,1189,190,100,90,159,82,77,173,89,84,174,78,96,147,52,95,117,39,78,118,45,73,128,48,80,118,46,72,121,55,66,121,54,67,125,55,70,129,62,67,130,67,63,90,45,45,61,31,30,33,12,21,11,5,6,11,3,8,1,0,1
Bagmati,Nuwakot,Tarakeshwor,NP03,NP0328,NP0328403,5,NA,2428,1105,1323,219,114,105,230,117,113,223,107,116,207,94,113,191,78,113,144,58,86,150,58,92,130,58,72,153,69,84,142,62,80,129,58,71,126,64,62,100,44,56,102,47,55,71,29,42,58,25,33,36,16,20,11,5,6,6,2,4,0,0,0
Bagmati,Nuwakot,Tarakeshwor,NP03,NP0328,NP0328403,6,NA,1516,691,825,135,70,65,117,62,55,121,60,61,120,56,64,115,44,71,90,34,56,79,32,47,87,44,43,90,38,52,81,37,44,70,32,38,93,37,56,72,31,41,87,39,48,70,33,37,50,24,26,23,11,12,10,5,5,6,2,4,0,0,0
Bagmati,Nuwakot,Kispang,NP03,NP0328,NP0328402,1,NA,2966,1414,1552,259,135,124,326,158,168,282,145,137,262,131,131,219,95,124,182,71,111,176,71,105,151,72,79,167,79,88,136,61,75,135,61,74,151,77,74,158,74,84,121,64,57,97,50,47,75,40,35,48,22,26,14,7,7,6,1,5,1,0,1
Bagmati,Nuwakot,Kispang,NP03,NP0328,NP0328402,2,NA,2524,1163,1361,236,123,113,208,107,101,213,111,102,187,91,96,174,71,103,141,51,90,168,57,111,163,65,98,169,64,105,172,80,92,139,71,68,152,82,70,117,58,59,107,48,59,82,42,40,50,22,28,26,11,15,11,5,6,9,4,5,0,0,0
Bagmati,Nuwakot,Kispang,NP03,NP0328,NP0328402,3,NA,2839,1333,1506,258,134,124,240,123,117,224,110,114,185,80,105,181,79,102,181,69,112,196,81,115,171,74,97,173,71,102,161,79,82,163,75,88,169,89,80,153,79,74,152,62,90,111,61,50,66,33,33,32,21,11,17,10,7,6,3,3,0,0,0
Bagmati,Nuwakot,Kispang,NP03,NP0328,NP0328402,4,NA,1576,731,845,147,77,70,127,54,73,119,56,63,133,62,71,128,55,73,112,47,65,104,45,59,73,31,42,87,42,45,79,37,42,79,37,42,107,48,59,78,39,39,80,44,36,66,32,34,30,14,16,22,9,13,5,2,3,0,0,0,0,0,0
Bagmati,Nuwakot,Kispang,NP03,NP0328,NP0328402,5,affected,3095,1468,1627,272,142,130,279,151,128,296,153,143,200,106,94,174,79,95,188,73,115,206,73,133,212,89,123,208,99,109,193,84,109,173,80,93,170,91,79,138,69,69,134,60,74,105,53,52,82,39,43,39,17,22,17,8,9,7,2,5,2,0,2
Bagmati,Nuwakot,Bidur,NP03,NP0328,NP0328301,1,affected,2951,1376,1575,231,120,111,229,119,110,270,148,122,258,135,123,242,112,130,188,77,111,232,75,157,263,102,161,243,108,135,188,93,95,142,72,70,108,52,56,101,47,54,99,45,54,68,31,37,48,20,28,25,13,12,9,5,4,6,2,4,1,0,1
Bagmati,Nuwakot,Bidur,NP03,NP0328,NP0328301,2,NA,5303,2538,2765,405,211,194,399,222,177,462,257,205,446,248,198,404,197,207,371,141,230,417,166,251,432,162,270,419,179,240,334,165,169,287,150,137,275,134,141,193,90,103,170,87,83,134,62,72,80,36,44,47,21,26,20,8,12,7,2,5,1,0,1
Bagmati,Nuwakot,Bidur,NP03,NP0328,NP0328301,3,affected,4860,2232,2628,363,190,173,372,209,163,395,198,197,400,194,206,358,166,192,331,115,216,374,143,231,331,140,191,281,123,158,291,128,163,283,124,159,261,116,145,248,119,129,203,101,102,142,63,79,119,54,65,69,31,38,25,11,14,14,7,7,0,0,0
Bagmati,Nuwakot,Bidur,NP03,NP0328,NP0328301,4,affected,7076,3416,3660,582,303,279,570,301,269,597,319,278,579,297,282,546,252,294,550,223,327,674,294,380,655,271,384,560,255,305,480,245,235,322,176,146,311,170,141,230,116,114,162,79,83,114,47,67,80,39,41,42,19,23,14,7,7,8,3,5,0,0,0
Bagmati,Nuwakot,Bidur,NP03,NP0328,NP0328301,5,affected,6280,2964,3316,508,264,244,506,267,239,475,238,237,537,276,261,567,273,294,492,191,301,478,189,289,490,210,280,522,239,283,417,208,209,303,152,151,260,121,139,233,103,130,203,92,111,146,70,76,79,41,38,45,23,22,12,6,6,6,1,5,1,0,1
Bagmati,Nuwakot,Bidur,NP03,NP0328,NP0328301,6,affected,3996,1864,2132,309,161,148,296,160,136,330,159,171,367,187,180,324,158,166,284,115,169,329,134,195,345,138,207,336,150,186,238,125,113,180,83,97,176,76,100,146,68,78,134,64,70,88,36,52,62,27,35,31,13,18,11,5,6,10,5,5,0,0,0
Bagmati,Nuwakot,Bidur,NP03,NP0328,NP0328301,7,affected,4032,1901,2131,294,153,141,287,163,124,292,161,131,273,141,132,294,146,148,298,118,180,306,125,181,271,115,156,261,106,155,238,113,125,232,104,128,256,118,138,211,92,119,173,78,95,147,74,73,100,52,48,62,28,34,22,8,14,13,5,8,2,1,1
Bagmati,Nuwakot,Bidur,NP03,NP0328,NP0328301,8,NA,3873,1793,2080,306,160,146,328,178,150,292,159,133,295,143,152,299,131,168,287,111,176,309,124,185,295,111,184,247,102,145,218,104,114,212,94,118,228,100,128,170,85,85,142,74,68,108,55,53,71,33,38,46,22,24,11,5,6,6,1,5,3,1,2
Bagmati,Nuwakot,Bidur,NP03,NP0328,NP0328301,9,affected,7591,3452,4139,647,337,310,606,308,298,706,368,338,684,351,333,635,306,329,588,217,371,669,235,434,616,231,385,549,225,324,444,210,234,379,180,199,329,153,176,227,108,119,176,79,97,136,58,78,113,46,67,52,24,28,20,10,10,14,6,8,1,0,1
Bagmati,Nuwakot,Bidur,NP03,NP0328,NP0328301,10,affected,3433,1597,1836,252,132,120,252,124,128,269,139,130,268,140,128,282,128,154,237,96,141,250,98,152,226,95,131,245,109,136,244,114,130,178,79,99,185,89,96,167,77,90,128,61,67,113,55,58,79,35,44,42,18,24,12,7,5,4,1,3,0,0,0
Bagmati,Nuwakot,Bidur,NP03,NP0328,NP0328301,11,NA,2184,1010,1174,146,76,70,149,83,66,152,77,75,158,81,77,170,82,88,152,61,91,142,58,84,120,50,70,128,47,81,135,58,77,134,56,78,144,66,78,121,56,65,108,54,54,107,45,62,68,31,37,29,18,11,13,8,5,8,3,5,0,0,0
Bagmati,Nuwakot,Bidur,NP03,NP0328,NP0328301,12,affected,3603,1686,1917,250,130,120,276,147,129,291,155,136,326,163,163,273,126,147,230,101,129,271,111,160,249,99,150,233,101,132,216,104,112,206,95,111,209,95,114,164,71,93,154,79,75,115,52,63,79,33,46,40,16,24,12,5,7,8,3,5,1,0,1
Bagmati,Nuwakot,Bidur,NP03,NP0328,NP0328301,13,NA,5126,2342,2784,368,193,175,402,219,183,406,198,208,417,206,211,399,179,220,362,156,206,358,137,221,333,119,214,289,122,167,290,125,165,285,123,162,295,130,165,256,121,135,241,120,121,187,92,95,136,61,75,70,28,42,21,10,11,10,3,7,1,0,1
Bagmati,Nuwakot,Belkotgadhi,NP03,NP0328,NP0328302,1,NA,1459,680,779,127,67,60,112,48,64,98,51,47,139,70,69,142,61,81,107,41,66,104,46,58,91,36,55,86,38,48,73,27,46,80,43,37,73,38,35,71,36,35,64,30,34,39,20,19,28,13,15,22,13,9,3,2,1,0,0,0,0,0,0
Bagmati,Nuwakot,Belkotgadhi,NP03,NP0328,NP0328302,2,NA,2432,1154,1278,184,96,88,187,103,84,195,103,92,220,104,116,175,72,103,147,56,91,162,67,95,172,77,95,154,69,85,150,63,87,182,83,99,158,84,74,114,54,60,86,49,37,59,31,28,42,17,25,33,19,14,11,7,4,0,0,0,1,0,1
Bagmati,Nuwakot,Belkotgadhi,NP03,NP0328,NP0328302,3,NA,2920,1368,1552,222,116,106,186,103,83,246,131,115,271,133,138,216,86,130,157,53,104,190,75,115,213,97,116,195,86,109,226,101,125,176,91,85,157,75,82,136,69,67,128,62,66,84,39,45,61,27,34,39,17,22,11,6,5,6,1,5,0,0,0
Bagmati,Nuwakot,Belkotgadhi,NP03,NP0328,NP0328302,4,NA,2797,1267,1530,240,125,115,234,103,131,237,116,121,304,133,171,284,110,174,190,67,123,163,71,92,160,70,90,183,86,97,182,82,100,142,68,74,127,65,62,127,63,64,90,46,44,60,31,29,40,19,21,24,9,15,8,3,5,2,0,2,0,0,0
Bagmati,Nuwakot,Belkotgadhi,NP03,NP0328,NP0328302,5,affected,3160,1472,1688,271,141,130,244,111,133,255,128,127,285,147,138,292,117,175,215,84,131,234,98,136,221,98,123,196,91,105,186,86,100,169,76,93,161,81,80,131,68,63,105,52,53,75,39,36,50,24,26,47,21,26,16,7,9,7,3,4,0,0,0
Bagmati,Nuwakot,Belkotgadhi,NP03,NP0328,NP0328302,6,NA,2511,1193,1318,207,108,99,191,104,87,197,102,95,253,121,132,238,96,142,170,77,93,172,71,101,173,77,96,149,68,81,148,70,78,139,70,69,113,60,53,99,49,50,77,31,46,77,36,41,59,30,29,31,14,17,12,6,6,6,3,3,0,0,0
Bagmati,Nuwakot,Belkotgadhi,NP03,NP0328,NP0328302,7,affected,4530,2165,2365,395,205,190,369,189,180,353,188,165,409,199,210,381,174,207,356,145,211,369,161,208,333,145,188,299,138,161,257,128,129,213,105,108,224,112,112,172,87,85,131,64,67,121,62,59,87,41,46,42,17,25,14,5,9,5,0,5,0,0,0
Bagmati,Nuwakot,Belkotgadhi,NP03,NP0328,NP0328302,8,affected,2817,1314,1503,219,114,105,206,112,94,202,104,98,220,112,108,206,88,118,178,70,108,177,68,109,186,71,115,187,87,100,187,81,106,194,97,97,179,87,92,156,69,87,117,61,56,91,44,47,63,27,36,37,18,19,8,2,6,3,2,1,1,0,1
Bagmati,Nuwakot,Belkotgadhi,NP03,NP0328,NP0328302,9,NA,2473,1134,1339,194,101,93,162,66,96,210,97,113,237,116,121,214,93,121,147,58,89,172,72,100,167,75,92,169,80,89,161,77,84,122,58,64,120,51,69,115,60,55,106,52,54,79,35,44,54,24,30,27,12,15,10,5,5,7,2,5,0,0,0
Bagmati,Nuwakot,Belkotgadhi,NP03,NP0328,NP0328302,10,NA,2808,1321,1487,231,120,111,207,110,97,231,103,128,249,126,123,215,94,121,187,71,116,214,83,131,205,86,119,208,94,114,175,92,83,158,78,80,153,79,74,116,62,54,100,50,50,68,31,37,50,23,27,23,10,13,12,5,7,6,4,2,0,0,0
Bagmati,Nuwakot,Belkotgadhi,NP03,NP0328,NP0328302,11,NA,2399,1066,1333,186,97,89,177,91,86,200,103,97,233,109,124,185,70,115,122,39,83,155,54,101,150,56,94,142,54,88,145,61,84,146,70,76,161,72,89,127,56,71,106,51,55,75,35,40,45,26,19,26,13,13,10,5,5,8,4,4,0,0,0
Bagmati,Nuwakot,Belkotgadhi,NP03,NP0328,NP0328302,12,NA,1947,892,1055,156,81,75,142,64,78,126,66,60,116,57,59,141,61,80,147,54,93,147,67,80,126,61,65,107,46,61,118,52,66,130,56,74,142,68,74,101,49,52,86,40,46,70,34,36,46,16,30,30,13,17,11,5,6,5,2,3,0,0,0
Bagmati,Nuwakot,Belkotgadhi,NP03,NP0328,NP0328302,13,NA,2648,1261,1387,195,102,93,169,94,75,191,101,90,236,112,124,226,106,120,168,70,98,178,90,88,157,65,92,176,71,105,178,82,96,150,71,79,158,76,82,132,67,65,115,56,59,92,43,49,70,31,39,37,15,22,12,5,7,7,4,3,1,0,1
Bagmati,Dhading,Galchhi,NP03,NP0330,NP0330410,1,affected,3372,1574,1798,266,137,129,289,154,135,295,152,143,275,123,152,261,106,155,249,93,156,282,123,159,230,112,118,218,95,123,183,85,98,163,74,89,168,83,85,141,62,79,137,65,72,88,50,38,65,31,34,41,19,22,12,6,6,9,4,5,0,0,0
Bagmati,Dhading,Galchhi,NP03,NP0330,NP0330410,2,affected,2787,1302,1485,196,101,95,188,80,108,208,104,104,246,121,125,243,106,137,190,75,115,163,79,84,146,69,77,192,82,110,187,83,104,162,79,83,177,84,93,150,66,84,122,63,59,81,51,30,74,32,42,40,15,25,12,7,5,9,5,4,1,0,1
Bagmati,Dhading,Galchhi,NP03,NP0330,NP0330410,3,NA,1137,539,598,69,35,34,69,33,36,80,40,40,96,51,45,79,41,38,72,30,42,68,30,38,62,31,31,68,27,41,69,30,39,59,27,32,75,30,45,68,34,34,72,35,37,65,33,32,37,21,16,22,11,11,2,0,2,5,0,5,0,0,0
Bagmati,Dhading,Galchhi,NP03,NP0330,NP0330410,4,affected,3222,1584,1638,235,121,114,257,139,118,267,131,136,284,136,148,291,137,154,260,127,133,248,119,129,210,97,113,210,103,107,213,99,114,171,82,89,152,78,74,122,63,59,114,60,54,87,44,43,54,25,29,29,13,16,13,6,7,5,4,1,0,0,0
Bagmati,Dhading,Galchhi,NP03,NP0330,NP0330410,5,NA,2793,1311,1482,194,100,94,236,111,125,250,119,131,301,129,172,251,107,144,199,93,106,164,78,86,157,71,86,169,74,95,158,80,78,140,67,73,161,77,84,115,59,56,107,57,50,75,37,38,56,27,29,39,18,21,14,5,9,7,2,5,0,0,0
Bagmati,Dhading,Galchhi,NP03,NP0330,NP0330410,6,affected,2691,1331,1360,209,108,101,219,111,108,217,113,104,195,100,95,195,96,99,244,105,139,248,119,129,213,107,106,171,85,86,153,74,79,154,72,82,157,79,78,112,54,58,95,52,43,51,30,21,33,15,18,17,9,8,7,2,5,0,0,0,1,0,1
Bagmati,Dhading,Galchhi,NP03,NP0330,NP0330410,7,NA,3356,1647,1709,257,132,125,288,149,139,310,152,158,296,154,142,271,131,140,265,118,147,291,126,165,273,131,142,265,133,132,193,100,93,151,74,77,146,72,74,111,56,55,96,48,48,62,33,29,38,18,20,27,12,15,10,5,5,6,3,3,0,0,0
Bagmati,Dhading,Galchhi,NP03,NP0330,NP0330410,8,affected,2964,1426,1538,222,114,108,195,102,93,247,126,121,264,136,128,240,106,134,214,92,122,244,109,135,215,98,117,192,94,98,183,92,91,180,73,107,166,77,89,141,78,63,101,57,44,69,35,34,49,21,28,28,13,15,7,3,4,5,0,5,2,0,2
Bagmati,Dhading,Gajuri,NP03,NP0330,NP0330409,1,affected,5214,2581,2633,455,234,221,447,230,217,477,240,237,414,215,199,448,220,228,437,196,241,510,236,274,403,191,212,364,181,183,304,160,144,249,128,121,217,112,105,158,85,73,118,62,56,92,40,52,64,26,38,33,14,19,13,6,7,10,5,5,1,0,1
Bagmati,Dhading,Gajuri,NP03,NP0330,NP0330409,2,affected,4076,2052,2024,326,168,158,314,160,154,324,161,163,374,192,182,391,211,180,350,174,176,325,155,170,262,136,126,278,128,150,261,127,134,204,105,99,183,96,87,145,73,72,131,65,66,98,45,53,56,28,28,33,17,16,12,7,5,9,4,5,0,0,0
Bagmati,Dhading,Gajuri,NP03,NP0330,NP0330409,3,NA,1932,955,977,150,77,73,184,95,89,205,109,96,232,112,120,191,93,98,139,66,73,121,55,66,114,48,66,126,63,63,100,48,52,73,38,35,83,45,38,61,33,28,53,27,26,44,21,23,32,12,20,19,10,9,5,3,2,0,0,0,0,0,0
Bagmati,Dhading,Gajuri,NP03,NP0330,NP0330409,4,NA,2826,1421,1405,222,114,108,325,162,163,335,167,168,336,170,166,282,145,137,230,108,122,194,99,95,154,76,78,141,64,77,118,61,57,109,53,56,105,53,52,80,45,35,58,36,22,64,33,31,48,25,23,19,9,10,6,1,5,0,0,0,0,0,0
Bagmati,Dhading,Gajuri,NP03,NP0330,NP0330409,5,affected,3788,1875,1913,311,160,151,261,137,124,317,172,145,348,182,166,369,183,186,316,153,163,265,123,142,241,105,136,257,116,141,247,114,133,203,99,104,199,102,97,134,70,64,114,60,54,92,43,49,65,33,32,31,14,17,11,5,6,7,4,3,0,0,0
Bagmati,Dhading,Gajuri,NP03,NP0330,NP0330409,6,affected,4625,2296,2329,376,194,182,370,178,192,405,202,203,435,235,200,434,219,215,374,175,199,371,185,186,304,144,160,318,151,167,279,140,139,208,105,103,180,89,91,170,84,86,134,65,69,109,53,56,85,40,45,43,22,21,21,11,10,9,4,5,0,0,0
Bagmati,Dhading,Gajuri,NP03,NP0330,NP0330409,7,NA,2167,1092,1075,175,90,85,153,73,80,190,107,83,235,127,108,212,99,113,181,87,94,155,81,74,111,55,56,126,57,69,124,63,61,113,58,55,88,43,45,81,44,37,74,36,38,63,30,33,48,24,24,25,11,14,10,5,5,2,2,0,1,0,1
Bagmati,Dhading,Gajuri,NP03,NP0330,NP0330409,8,NA,3088,1537,1551,228,118,110,258,128,130,302,159,143,352,179,173,281,143,138,227,109,118,197,91,106,186,89,97,189,91,98,175,87,88,147,79,68,137,71,66,111,52,59,109,53,56,86,42,44,54,24,30,29,13,16,10,5,5,9,4,5,1,0,1
Bagmati,Dhading,Benighat Rorang,NP03,NP0330,NP0330408,1,NA,1907,928,979,161,83,78,184,81,103,248,122,126,203,100,103,186,82,104,148,68,80,115,54,61,104,51,53,100,52,48,97,49,48,66,32,34,66,32,34,83,44,39,57,32,25,37,20,17,27,14,13,17,9,8,8,3,5,0,0,0,0,0,0
Bagmati,Dhading,Benighat Rorang,NP03,NP0330,NP0330408,2,NA,5102,2513,2589,443,229,214,559,285,274,580,279,301,559,272,287,459,224,235,444,204,240,392,188,204,322,158,164,266,129,137,217,101,116,184,94,90,187,102,85,136,74,62,114,60,54,102,51,51,74,36,38,41,17,24,15,6,9,7,4,3,1,0,1
Bagmati,Dhading,Benighat Rorang,NP03,NP0330,NP0330408,3,affected,4532,2315,2217,394,203,191,357,192,165,430,239,191,425,211,214,396,201,195,389,193,196,399,190,209,358,169,189,327,170,157,278,150,128,206,105,101,156,81,75,124,68,56,103,54,49,85,40,45,63,28,35,30,15,15,10,5,5,2,1,1,0,0,0
Bagmati,Dhading,Benighat Rorang,NP03,NP0330,NP0330408,4,NA,2232,1070,1162,214,110,104,173,90,83,186,92,94,199,102,97,216,93,123,205,91,114,163,68,95,143,70,73,132,58,74,111,51,60,103,50,53,105,50,55,91,45,46,75,44,31,46,25,21,34,14,20,23,9,14,10,5,5,3,3,0,0,0,0
Bagmati,Dhading,Benighat Rorang,NP03,NP0330,NP0330408,5,affected,3049,1491,1558,271,140,131,215,122,93,235,124,111,228,114,114,238,103,135,260,117,143,253,116,137,226,108,118,209,93,116,201,95,106,182,98,84,135,64,71,121,64,57,99,46,53,78,38,40,51,26,25,33,19,14,9,4,5,5,0,5,0,0,0
Bagmati,Dhading,Benighat Rorang,NP03,NP0330,NP0330408,6,NA,2475,1250,1225,205,105,100,291,151,140,270,142,128,261,139,122,232,117,115,216,104,112,183,94,89,133,64,69,149,68,81,128,60,68,92,45,47,71,38,33,68,31,37,75,39,36,46,24,22,35,16,19,18,11,7,2,2,0,0,0,0,0,0,0
Bagmati,Dhading,Benighat Rorang,NP03,NP0330,NP0330408,7,affected,2886,1424,1462,261,134,127,236,124,112,248,132,116,240,123,117,268,131,137,236,97,139,239,118,121,206,95,111,195,81,114,170,87,83,164,80,84,133,68,65,97,55,42,74,37,37,49,26,23,40,21,19,21,12,9,8,3,5,1,0,1,0,0,0
Bagmati,Dhading,Benighat Rorang,NP03,NP0330,NP0330408,8,NA,2322,1160,1162,195,101,94,202,107,95,226,111,115,274,137,137,243,120,123,185,87,98,134,64,70,137,65,72,168,73,95,112,61,51,93,47,46,91,50,41,75,40,35,52,29,23,54,28,26,50,26,24,22,11,11,6,1,5,3,2,1,0,0,0
Bagmati,Dhading,Benighat Rorang,NP03,NP0330,NP0330408,9,affected,3438,1674,1764,299,154,145,339,163,176,357,174,183,331,165,166,293,137,156,278,128,150,287,131,156,241,116,125,189,89,100,163,83,80,149,73,76,139,73,66,116,62,54,88,48,40,69,36,33,58,24,34,27,11,16,12,5,7,3,2,1,0,0,0
Bagmati,Dhading,Benighat Rorang,NP03,NP0330,NP0330408,10,affected,4652,2285,2367,422,218,204,438,215,223,432,209,223,437,217,220,454,211,243,432,204,228,369,184,185,291,145,146,235,112,123,228,108,120,177,83,94,200,101,99,159,87,72,120,62,58,111,54,57,81,42,39,42,22,20,15,7,8,9,4,5,0,0,0
Bagmati,Dhading,Siddhalek,NP03,NP0330,NP0330407,1,NA,3294,1526,1768,218,113,105,220,120,100,263,148,115,318,158,160,289,130,159,217,90,127,207,75,132,201,73,128,221,102,119,210,91,119,189,79,110,184,89,95,154,69,85,149,68,81,105,51,54,75,37,38,46,23,23,17,7,10,10,3,7,1,0,1
Bagmati,Dhading,Siddhalek,NP03,NP0330,NP0330407,2,NA,3231,1457,1774,195,100,95,197,103,94,256,129,127,320,158,162,241,101,140,165,55,110,190,72,118,179,63,116,212,78,134,189,89,100,183,84,99,213,105,108,199,93,106,192,89,103,130,61,69,81,36,45,55,26,29,23,12,11,8,3,5,3,0,3
Bagmati,Dhading,Siddhalek,NP03,NP0330,NP0330407,3,affected,2337,1096,1241,152,79,73,175,90,85,186,89,97,196,89,107,177,79,98,170,70,100,155,69,86,155,69,86,145,66,79,144,71,73,125,58,67,131,60,71,130,58,72,94,52,42,81,42,39,58,28,30,38,18,20,15,5,10,9,4,5,1,0,1
Bagmati,Dhading,Siddhalek,NP03,NP0330,NP0330407,4,affected,2401,1099,1302,156,80,76,167,82,85,192,98,94,203,94,109,171,65,106,155,57,98,166,70,96,162,69,93,187,88,99,167,82,85,139,61,78,137,64,73,115,51,64,102,52,50,64,31,33,59,25,34,40,20,20,14,8,6,5,2,3,0,0,0
Bagmati,Dhading,Siddhalek,NP03,NP0330,NP0330407,5,NA,2372,1071,1301,155,80,75,180,98,82,204,97,107,236,117,119,190,75,115,144,50,94,138,54,84,134,46,88,141,51,90,145,67,78,154,70,84,140,64,76,111,54,57,114,57,57,89,45,44,46,27,19,34,15,19,11,4,7,5,0,5,1,0,1
Bagmati,Dhading,Siddhalek,NP03,NP0330,NP0330407,6,affected,2700,1288,1412,190,98,92,192,97,95,229,127,102,214,108,106,226,98,128,214,83,131,184,79,105,164,77,87,188,85,103,165,76,89,152,72,80,142,68,74,117,59,58,104,51,53,94,49,45,67,35,32,36,17,19,16,7,9,5,2,3,1,0,1
Bagmati,Dhading,Siddhalek,NP03,NP0330,NP0330407,7,affected,3731,1755,1976,277,143,134,280,148,132,309,155,154,299,156,143,300,126,174,323,130,193,294,123,171,252,115,137,232,109,123,210,97,113,199,88,111,210,104,106,162,86,76,144,70,74,97,43,54,73,33,40,49,22,27,16,7,9,5,0,5,0,0,0
Gandaki,Gorkha,Gandaki,NP04,NP0436,NP0436409,1,affected,2038,970,1068,140,75,65,140,71,69,171,89,82,169,87,82,155,67,88,136,58,78,138,68,70,130,55,75,136,52,84,122,60,62,112,53,59,105,55,50,101,55,46,88,42,46,84,36,48,62,26,36,33,14,19,10,4,6,6,3,3,0,0,0
Gandaki,Gorkha,Gandaki,NP04,NP0436,NP0436409,2,affected,2742,1249,1493,193,103,90,199,105,94,176,85,91,200,87,113,201,81,120,188,77,111,190,79,111,146,70,76,142,61,81,166,75,91,156,70,86,188,84,104,167,78,89,135,70,65,117,51,66,81,31,50,52,24,28,29,15,14,8,2,6,8,1,7
Gandaki,Gorkha,Gandaki,NP04,NP0436,NP0436409,3,NA,1426,634,792,75,40,35,80,40,40,80,45,35,91,47,44,70,26,44,55,15,40,67,23,44,61,23,38,75,30,45,90,32,58,106,43,63,130,54,76,126,60,66,109,56,53,87,43,44,61,29,32,34,15,19,18,8,10,10,5,5,1,0,1
Gandaki,Gorkha,Gandaki,NP04,NP0436,NP0436409,4,NA,1761,780,981,112,60,52,140,70,70,114,60,54,139,72,67,133,57,76,81,26,55,88,29,59,84,30,54,102,32,70,112,44,68,114,50,64,117,53,64,101,51,50,103,54,49,97,41,56,65,26,39,36,16,20,12,5,7,9,4,5,2,0,2
Gandaki,Gorkha,Gandaki,NP04,NP0436,NP0436409,5,NA,2378,1077,1301,160,85,75,162,85,77,177,91,86,182,91,91,165,62,103,133,50,83,139,46,93,125,48,77,122,47,75,165,76,89,149,58,91,159,72,87,155,80,75,142,71,71,105,54,51,68,29,39,43,19,24,19,10,9,7,3,4,1,0,1
Gandaki,Gorkha,Gandaki,NP04,NP0436,NP0436409,6,affected,3195,1499,1696,274,145,129,228,122,106,232,118,114,280,118,162,308,125,183,300,118,182,214,96,118,157,76,81,176,80,96,191,81,110,202,104,98,159,84,75,136,66,70,132,65,67,93,50,43,62,27,35,35,16,19,13,7,6,1,1,0,2,0,2
Gandaki,Gorkha,Gandaki,NP04,NP0436,NP0436409,7,affected,2479,1193,1286,190,101,89,179,92,87,161,82,79,157,70,87,193,84,109,208,88,120,192,92,100,167,89,78,168,72,96,167,83,84,157,81,76,163,79,84,109,59,50,77,39,38,73,31,42,60,25,35,37,16,21,17,8,9,4,2,2,0,0,0
Gandaki,Gorkha,Gandaki,NP04,NP0436,NP0436409,8,affected,2937,1355,1582,225,119,106,201,95,106,229,121,108,213,108,105,211,91,120,219,80,139,215,82,133,181,86,95,177,81,96,197,89,108,183,75,108,169,82,87,140,72,68,134,68,66,97,43,54,70,34,36,50,20,30,17,6,11,9,3,6,0,0,0
Gandaki,Tanahu,Devghat,NP04,NP0440,NP0440406,1,NA,2263,1047,1216,165,90,75,179,89,90,200,102,98,233,124,109,183,81,102,147,52,95,135,48,87,144,66,78,143,56,87,149,62,87,139,63,76,143,73,70,95,48,47,64,32,32,59,27,32,47,18,29,27,10,17,10,5,5,1,1,0,0,0,0
Gandaki,Tanahu,Devghat,NP04,NP0440,NP0440406,2,NA,2305,1128,1177,152,83,69,179,96,83,199,108,91,248,137,111,200,94,106,133,48,85,127,54,73,124,56,68,110,51,59,109,46,63,142,65,77,149,75,74,127,66,61,108,49,59,86,44,42,66,36,30,36,18,18,8,2,6,1,0,1,1,0,1
Gandaki,Tanahu,Devghat,NP04,NP0440,NP0440406,3,NA,1426,683,743,106,58,48,83,42,41,112,62,50,143,79,64,125,55,70,99,36,63,92,46,46,88,39,49,72,31,41,84,36,48,83,41,42,91,45,46,90,36,54,61,27,34,38,23,15,37,16,21,15,7,8,7,4,3,0,0,0,0,0,0
Gandaki,Tanahu,Devghat,NP04,NP0440,NP0440406,4,affected,1370,665,705,93,50,43,116,53,63,91,52,39,114,61,53,96,37,59,101,37,64,72,35,37,62,31,31,75,32,43,86,36,50,99,50,49,116,62,54,82,43,39,61,31,30,45,27,18,27,12,15,19,10,9,10,5,5,5,1,4,0,0,0
Gandaki,Tanahu,Devghat,NP04,NP0440,NP0440406,5,affected,6347,2981,3366,468,255,213,451,236,215,506,270,236,500,262,238,445,197,248,474,193,281,498,217,281,431,182,249,395,167,228,383,183,200,364,170,194,346,167,179,282,136,146,245,109,136,224,93,131,164,75,89,100,43,57,45,17,28,19,7,12,7,2,5
Gandaki,Tanahu,Aanbu Khaireni,NP04,NP0440,NP0440405,1,NA,3618,1646,1972,231,125,106,253,135,118,310,169,141,320,149,171,296,135,161,263,110,153,259,88,171,257,81,176,271,111,160,258,115,143,231,107,124,182,99,83,148,73,75,124,56,68,100,40,60,70,34,36,25,12,13,14,5,9,6,2,4,0,0,0
Gandaki,Tanahu,Aanbu Khaireni,NP04,NP0440,NP0440405,2,NA,3815,1775,2040,250,135,115,291,163,128,312,159,153,281,134,147,263,120,143,307,121,186,335,126,209,296,122,174,257,112,145,256,125,131,229,116,113,218,106,112,190,92,98,140,58,82,101,46,55,57,30,27,19,9,10,6,1,5,5,0,5,2,0,2
Gandaki,Tanahu,Aanbu Khaireni,NP04,NP0440,NP0440405,3,NA,9040,4124,4916,641,347,294,714,381,333,894,467,427,825,421,404,670,288,382,638,213,425,811,260,551,873,308,565,753,309,444,598,301,297,447,250,197,379,193,186,261,134,127,216,108,108,153,70,83,98,43,55,45,20,25,13,6,7,9,4,5,2,1,1
Gandaki,Tanahu,Aanbu Khaireni,NP04,NP0440,NP0440405,4,affected,1640,770,870,107,58,49,119,69,50,125,58,67,133,67,66,130,55,75,133,54,79,121,46,75,99,45,54,100,43,57,93,42,51,102,46,56,94,42,52,83,42,41,76,36,40,64,34,30,40,21,19,20,11,9,1,1,0,0,0,0,0,0,0
Gandaki,Tanahu,Aanbu Khaireni,NP04,NP0440,NP0440405,5,affected,1402,670,732,80,45,35,133,70,63,108,52,56,114,57,57,100,40,60,115,51,64,94,47,47,68,32,36,71,27,44,73,31,42,85,46,39,95,49,46,79,34,45,67,36,31,56,23,33,37,16,21,11,6,5,10,5,5,6,3,3,0,0,0
Gandaki,Tanahu,Aanbu Khaireni,NP04,NP0440,NP0440405,6,NA,1519,689,830,85,45,40,116,57,59,108,53,55,146,73,73,118,46,72,88,31,57,87,39,48,88,38,50,80,37,43,81,35,46,102,44,58,115,54,61,98,43,55,77,38,39,57,29,28,40,16,24,21,8,13,9,3,6,3,0,3,0,0,0
Gandaki,Gorkha,Shahid Lakhan,NP04,NP0436,NP0436408,1,NA,1859,841,1018,106,57,49,110,55,55,97,52,45,106,61,45,95,39,56,107,34,73,92,37,55,80,29,51,97,40,57,111,47,64,136,62,74,161,68,93,157,68,89,139,66,73,121,57,64,77,39,38,43,20,23,15,7,8,8,3,5,1,0,1
Gandaki,Gorkha,Shahid Lakhan,NP04,NP0436,NP0436408,2,affected,2330,1047,1283,176,93,83,163,91,72,175,88,87,153,70,83,150,60,90,168,58,110,170,56,114,163,68,95,157,62,95,148,67,81,137,64,73,154,72,82,126,64,62,108,51,57,72,38,34,58,24,34,29,12,17,14,7,7,8,2,6,1,0,1
Gandaki,Gorkha,Shahid Lakhan,NP04,NP0436,NP0436408,3,affected,2996,1372,1624,205,109,96,218,119,99,246,117,129,203,86,117,178,81,97,213,83,130,212,82,130,220,83,137,211,92,119,181,82,99,156,74,82,178,93,85,170,81,89,145,63,82,113,56,57,78,37,41,38,17,21,18,10,8,12,7,5,1,0,1
Gandaki,Gorkha,Shahid Lakhan,NP04,NP0436,NP0436408,4,affected,2310,1004,1306,165,88,77,205,94,111,194,95,99,194,91,103,161,60,101,147,46,101,125,40,85,150,49,101,139,62,77,137,55,82,132,58,74,133,62,71,129,61,68,104,48,56,79,36,43,66,31,35,37,19,18,10,7,3,2,2,0,1,0,1
Gandaki,Gorkha,Shahid Lakhan,NP04,NP0436,NP0436408,5,affected,1622,720,902,109,58,51,127,74,53,116,63,53,119,56,63,101,41,60,98,31,67,100,31,69,86,32,54,78,28,50,107,44,63,102,45,57,105,42,63,106,50,56,92,43,49,80,38,42,51,21,30,27,12,15,13,8,5,5,3,2,0,0,0
Gandaki,Gorkha,Shahid Lakhan,NP04,NP0436,NP0436408,6,affected,2746,1208,1538,179,96,83,176,104,72,186,101,85,180,97,83,186,76,110,140,44,96,176,58,118,154,67,87,160,63,97,180,70,110,168,73,95,184,82,102,169,70,99,167,65,102,142,58,84,114,49,65,54,23,31,20,9,11,10,3,7,1,0,1
Gandaki,Gorkha,Shahid Lakhan,NP04,NP0436,NP0436408,7,NA,2678,1163,1515,175,93,82,180,102,78,192,99,93,178,88,90,176,69,107,148,45,103,150,49,101,137,44,93,159,62,97,129,53,76,166,61,105,192,85,107,179,78,101,181,79,102,144,66,78,99,47,52,56,29,27,26,12,14,9,2,7,2,0,2
Gandaki,Gorkha,Shahid Lakhan,NP04,NP0436,NP0436408,8,NA,1798,779,1019,104,55,49,116,59,57,131,63,68,139,72,67,104,43,61,83,24,59,91,31,60,91,31,60,88,32,56,100,37,63,111,46,65,136,62,74,129,52,77,117,50,67,98,48,50,83,38,45,47,24,23,20,9,11,8,3,5,2,0,2
Gandaki,Gorkha,Shahid Lakhan,NP04,NP0436,NP0436408,9,NA,1850,814,1036,75,40,35,107,61,46,108,51,57,134,66,68,88,41,47,56,16,40,65,21,44,85,29,56,91,31,60,114,50,64,139,54,85,179,75,104,168,81,87,152,68,84,123,57,66,84,36,48,51,24,27,19,9,10,9,4,5,3,0,3
Bagmati,Chitawan,Ichchha Kamana,NP03,NP0335,NP0335401,1,NA,2931,1536,1395,216,116,100,414,205,209,387,203,184,358,188,170,237,115,122,214,106,108,209,110,99,149,93,56,145,76,69,120,63,57,118,68,50,108,64,44,88,50,38,56,28,28,50,24,26,35,15,20,16,6,10,10,5,5,1,1,0,0,0,0
Bagmati,Chitawan,Ichchha Kamana,NP03,NP0335,NP0335401,2,NA,2829,1546,1283,206,111,95,293,171,122,305,158,147,316,156,160,268,133,135,218,119,99,207,125,82,159,94,65,151,83,68,137,66,71,144,88,56,131,80,51,95,53,42,60,29,31,48,26,22,57,32,25,22,14,8,9,5,4,3,3,0,0,0,0
Bagmati,Chitawan,Ichchha Kamana,NP03,NP0335,NP0335401,3,affected,2678,1387,1291,201,109,92,209,104,105,236,119,117,216,105,111,192,99,93,196,93,103,219,115,104,181,103,78,175,98,77,171,95,76,161,83,78,148,84,64,99,58,41,88,38,50,80,36,44,53,23,30,28,14,14,15,8,7,8,3,5,2,0,2
Bagmati,Chitawan,Ichchha Kamana,NP03,NP0335,NP0335401,4,affected,3630,1962,1668,274,148,126,303,165,138,335,189,146,314,173,141,278,143,135,272,141,131,324,187,137,301,174,127,258,131,127,224,123,101,194,111,83,151,87,64,132,69,63,97,43,54,76,39,37,52,21,31,25,9,16,11,5,6,9,4,5,0,0,0
Bagmati,Chitawan,Ichchha Kamana,NP03,NP0335,NP0335401,5,NA,3041,1628,1413,237,128,109,245,129,116,244,132,112,247,130,117,263,128,135,241,118,123,236,141,95,220,134,86,223,118,105,218,128,90,164,94,70,142,75,67,113,58,55,92,45,47,73,33,40,46,19,27,22,10,12,10,5,5,5,3,2,0,0,0
Bagmati,Chitawan,Ichchha Kamana,NP03,NP0335,NP0335401,6,NA,2575,1343,1232,178,96,82,257,129,128,297,156,141,273,136,137,211,99,112,182,96,86,171,102,69,148,85,63,129,68,61,131,72,59,124,63,61,142,70,72,115,64,51,74,37,37,65,32,33,44,20,24,20,11,9,10,5,5,4,2,2,0,0,0
Bagmati,Chitawan,Ichchha Kamana,NP03,NP0335,NP0335401,7,NA,4595,2387,2208,348,188,160,433,229,204,484,241,243,484,229,255,367,172,195,336,160,176,330,183,147,333,197,136,294,161,133,249,134,115,217,125,92,199,107,92,159,85,74,135,69,66,105,51,54,69,33,36,34,16,18,11,5,6,7,2,5,1,0,1
